
--
-- Table structure for table `user`
--

DROP TABLE IF EXISTS `user`;
/*!40101 SET @saved_cs_client     = @@character_set_client */;
/*!50503 SET character_set_client = utf8mb4 */;
CREATE TABLE `user` (
  `Host` char(255) CHARACTER SET ascii COLLATE ascii_general_ci NOT NULL DEFAULT '',
  `User` char(32) COLLATE utf8mb3_bin NOT NULL DEFAULT '',
  `Select_priv` enum('N','Y') CHARACTER SET utf8mb3 COLLATE utf8mb3_general_ci NOT NULL DEFAULT 'N',
  `Insert_priv` enum('N','Y') CHARACTER SET utf8mb3 COLLATE utf8mb3_general_ci NOT NULL DEFAULT 'N',
  `Update_priv` enum('N','Y') CHARACTER SET utf8mb3 COLLATE utf8mb3_general_ci NOT NULL DEFAULT 'N',
  `Delete_priv` enum('N','Y') CHARACTER SET utf8mb3 COLLATE utf8mb3_general_ci NOT NULL DEFAULT 'N',
  `Create_priv` enum('N','Y') CHARACTER SET utf8mb3 COLLATE utf8mb3_general_ci NOT NULL DEFAULT 'N',
  `Drop_priv` enum('N','Y') CHARACTER SET utf8mb3 COLLATE utf8mb3_general_ci NOT NULL DEFAULT 'N',
  `Reload_priv` enum('N','Y') CHARACTER SET utf8mb3 COLLATE utf8mb3_general_ci NOT NULL DEFAULT 'N',
  `Shutdown_priv` enum('N','Y') CHARACTER SET utf8mb3 COLLATE utf8mb3_general_ci NOT NULL DEFAULT 'N',
  `Process_priv` enum('N','Y') CHARACTER SET utf8mb3 COLLATE utf8mb3_general_ci NOT NULL DEFAULT 'N',
  `File_priv` enum('N','Y') CHARACTER SET utf8mb3 COLLATE utf8mb3_general_ci NOT NULL DEFAULT 'N',
  `Grant_priv` enum('N','Y') CHARACTER SET utf8mb3 COLLATE utf8mb3_general_ci NOT NULL DEFAULT 'N',
  `References_priv` enum('N','Y') CHARACTER SET utf8mb3 COLLATE utf8mb3_general_ci NOT NULL DEFAULT 'N',
  `Index_priv` enum('N','Y') CHARACTER SET utf8mb3 COLLATE utf8mb3_general_ci NOT NULL DEFAULT 'N',
  `Alter_priv` enum('N','Y') CHARACTER SET utf8mb3 COLLATE utf8mb3_general_ci NOT NULL DEFAULT 'N',
  `Show_db_priv` enum('N','Y') CHARACTER SET utf8mb3 COLLATE utf8mb3_general_ci NOT NULL DEFAULT 'N',
  `Super_priv` enum('N','Y') CHARACTER SET utf8mb3 COLLATE utf8mb3_general_ci NOT NULL DEFAULT 'N',
  `Create_tmp_table_priv` enum('N','Y') CHARACTER SET utf8mb3 COLLATE utf8mb3_general_ci NOT NULL DEFAULT 'N',
  `Lock_tables_priv` enum('N','Y') CHARACTER SET utf8mb3 COLLATE utf8mb3_general_ci NOT NULL DEFAULT 'N',
  `Execute_priv` enum('N','Y') CHARACTER SET utf8mb3 COLLATE utf8mb3_general_ci NOT NULL DEFAULT 'N',
  `Repl_slave_priv` enum('N','Y') CHARACTER SET utf8mb3 COLLATE utf8mb3_general_ci NOT NULL DEFAULT 'N',
  `Repl_client_priv` enum('N','Y') CHARACTER SET utf8mb3 COLLATE utf8mb3_general_ci NOT NULL DEFAULT 'N',
  `Create_view_priv` enum('N','Y') CHARACTER SET utf8mb3 COLLATE utf8mb3_general_ci NOT NULL DEFAULT 'N',
  `Show_view_priv` enum('N','Y') CHARACTER SET utf8mb3 COLLATE utf8mb3_general_ci NOT NULL DEFAULT 'N',
  `Create_routine_priv` enum('N','Y') CHARACTER SET utf8mb3 COLLATE utf8mb3_general_ci NOT NULL DEFAULT 'N',
  `Alter_routine_priv` enum('N','Y') CHARACTER SET utf8mb3 COLLATE utf8mb3_general_ci NOT NULL DEFAULT 'N',
  `Create_user_priv` enum('N','Y') CHARACTER SET utf8mb3 COLLATE utf8mb3_general_ci NOT NULL DEFAULT 'N',
  `Event_priv` enum('N','Y') CHARACTER SET utf8mb3 COLLATE utf8mb3_general_ci NOT NULL DEFAULT 'N',
  `Trigger_priv` enum('N','Y') CHARACTER SET utf8mb3 COLLATE utf8mb3_general_ci NOT NULL DEFAULT 'N',
  `Create_tablespace_priv` enum('N','Y') CHARACTER SET utf8mb3 COLLATE utf8mb3_general_ci NOT NULL DEFAULT 'N',
  `ssl_type` enum('','ANY','X509','SPECIFIED') CHARACTER SET utf8mb3 COLLATE utf8mb3_general_ci NOT NULL DEFAULT '',
  `ssl_cipher` blob NOT NULL,
  `x509_issuer` blob NOT NULL,
  `x509_subject` blob NOT NULL,
  `max_questions` int unsigned NOT NULL DEFAULT '0',
  `max_updates` int unsigned NOT NULL DEFAULT '0',
  `max_connections` int unsigned NOT NULL DEFAULT '0',
  `max_user_connections` int unsigned NOT NULL DEFAULT '0',
  `plugin` char(64) COLLATE utf8mb3_bin NOT NULL DEFAULT 'caching_sha2_password',
  `authentication_string` text COLLATE utf8mb3_bin,
  `password_expired` enum('N','Y') CHARACTER SET utf8mb3 COLLATE utf8mb3_general_ci NOT NULL DEFAULT 'N',
  `password_last_changed` timestamp NULL DEFAULT NULL,
  `password_lifetime` smallint unsigned DEFAULT NULL,
  `account_locked` enum('N','Y') CHARACTER SET utf8mb3 COLLATE utf8mb3_general_ci NOT NULL DEFAULT 'N',
  `Create_role_priv` enum('N','Y') CHARACTER SET utf8mb3 COLLATE utf8mb3_general_ci NOT NULL DEFAULT 'N',
  `Drop_role_priv` enum('N','Y') CHARACTER SET utf8mb3 COLLATE utf8mb3_general_ci NOT NULL DEFAULT 'N',
  `Password_reuse_history` smallint unsigned DEFAULT NULL,
  `Password_reuse_time` smallint unsigned DEFAULT NULL,
  `Password_require_current` enum('N','Y') CHARACTER SET utf8mb3 COLLATE utf8mb3_general_ci DEFAULT NULL,
  `User_attributes` json DEFAULT NULL,
  PRIMARY KEY (`Host`,`User`)
) /*!50100 TABLESPACE `mysql` */ ENGINE=InnoDB DEFAULT CHARSET=utf8mb3 COLLATE=utf8mb3_bin STATS_PERSISTENT=0 ROW_FORMAT=DYNAMIC COMMENT='Users and global privileges';
/*!40101 SET character_set_client = @saved_cs_client */;

--
-- Dumping data for table `user`
--

LOCK TABLES `user` WRITE;
/*!40000 ALTER TABLE `user` DISABLE KEYS */;
INSERT INTO `user` VALUES ('%','root','Y','Y','Y','Y','Y','Y','Y','Y','Y','Y','Y','Y','Y','Y','Y','Y','Y','Y','Y','Y','Y','Y','Y','Y','Y','Y','Y','Y','Y','','','','',0,0,0,0,'caching_sha2_password','$A$005$#M7| uo*lpA ylPYgmx0okR2fFW.rhfB3InOt7zUsxrjeJNNjjVFhkFkBX0','N','2023-11-18 14:26:46',NULL,'N','Y','Y',NULL,NULL,NULL,NULL),('%','wordpress','N','N','N','N','N','N','N','N','N','N','N','N','N','N','N','N','N','N','N','N','N','N','N','N','N','N','N','N','N','','','','',0,0,0,0,'caching_sha2_password','$A$005$FSXTgvI7j{;Xe5@mZWI7NWJpjt4.gZ6bOSGyPtYRrwKRVLzH9/2OMW0vG4','N','2023-11-18 14:26:46',NULL,'N','N','N',NULL,NULL,NULL,NULL),('localhost','mysql.infoschema','Y','N','N','N','N','N','N','N','N','N','N','N','N','N','N','N','N','N','N','N','N','N','N','N','N','N','N','N','N','','','','',0,0,0,0,'caching_sha2_password','$A$005$THISISACOMBINATIONOFINVALIDSALTANDPASSWORDTHATMUSTNEVERBRBEUSED','N','2023-11-18 14:26:32',NULL,'Y','N','N',NULL,NULL,NULL,NULL),('localhost','mysql.session','N','N','N','N','N','N','N','Y','N','N','N','N','N','N','N','Y','N','N','N','N','N','N','N','N','N','N','N','N','N','','','','',0,0,0,0,'caching_sha2_password','$A$005$THISISACOMBINATIONOFINVALIDSALTANDPASSWORDTHATMUSTNEVERBRBEUSED','N','2023-11-18 14:26:32',NULL,'Y','N','N',NULL,NULL,NULL,NULL),('localhost','mysql.sys','N','N','N','N','N','N','N','N','N','N','N','N','N','N','N','N','N','N','N','N','N','N','N','N','N','N','N','N','N','','','','',0,0,0,0,'caching_sha2_password','$A$005$THISISACOMBINATIONOFINVALIDSALTANDPASSWORDTHATMUSTNEVERBRBEUSED','N','2023-11-18 14:26:32',NULL,'Y','N','N',NULL,NULL,NULL,NULL),('localhost','root','Y','Y','Y','Y','Y','Y','Y','Y','Y','Y','Y','Y','Y','Y','Y','Y','Y','Y','Y','Y','Y','Y','Y','Y','Y','Y','Y','Y','Y','','','','',0,0,0,0,'caching_sha2_password','$A$005$x)E1v4LZCFw0C\\>	]UiN.7C0MhQbJSA./8n0Kdc14pOjSq82eyZacDWMmfK9','N','2023-11-18 14:26:46',NULL,'N','Y','Y',NULL,NULL,NULL,NULL),('localhost','wordpress','N','N','N','N','N','N','N','N','N','N','N','N','N','N','N','N','N','N','N','N','N','N','N','N','N','N','N','N','N','','','','',0,0,0,0,'caching_sha2_password','$A$005$	DW	yuG\Z|h/)E8Y6vXm8ej55N5pkdjNTQe17HVTA6dIgK5.fD0Uk6r0','N','2023-11-18 14:26:46',NULL,'N','N','N',NULL,NULL,NULL,NULL);
/*!40000 ALTER TABLE `user` ENABLE KEYS */;
UNLOCK TABLES;

--
-- Table structure for table `time_zone`
--

DROP TABLE IF EXISTS `time_zone`;
/*!40101 SET @saved_cs_client     = @@character_set_client */;
/*!50503 SET character_set_client = utf8mb4 */;
CREATE TABLE `time_zone` (
  `Time_zone_id` int unsigned NOT NULL AUTO_INCREMENT,
  `Use_leap_seconds` enum('Y','N') CHARACTER SET utf8mb3 COLLATE utf8mb3_general_ci NOT NULL DEFAULT 'N',
  PRIMARY KEY (`Time_zone_id`)
) /*!50100 TABLESPACE `mysql` */ ENGINE=InnoDB AUTO_INCREMENT=1790 DEFAULT CHARSET=utf8mb3 STATS_PERSISTENT=0 ROW_FORMAT=DYNAMIC COMMENT='Time zones';
/*!40101 SET character_set_client = @saved_cs_client */;

--
-- Dumping data for table `time_zone`
--

LOCK TABLES `time_zone` WRITE;
/*!40000 ALTER TABLE `time_zone` DISABLE KEYS */;
INSERT INTO `time_zone` VALUES (1,'N'),(2,'N'),(3,'N'),(4,'N'),(5,'N'),(6,'N'),(7,'N'),(8,'N'),(9,'N'),(10,'N'),(11,'N'),(12,'N'),(13,'N'),(14,'N'),(15,'N'),(16,'N'),(17,'N'),(18,'N'),(19,'N'),(20,'N'),(21,'N'),(22,'N'),(23,'N'),(24,'N'),(25,'N'),(26,'N'),(27,'N'),(28,'N'),(29,'N'),(30,'N'),(31,'N'),(32,'N'),(33,'N'),(34,'N'),(35,'N'),(36,'N'),(37,'N'),(38,'N'),(39,'N'),(40,'N'),(41,'N'),(42,'N'),(43,'N'),(44,'N'),(45,'N'),(46,'N'),(47,'N'),(48,'N'),(49,'N'),(50,'N'),(51,'N'),(52,'N'),(53,'N'),(54,'N'),(55,'N'),(56,'N'),(57,'N'),(58,'N'),(59,'N'),(60,'N'),(61,'N'),(62,'N'),(63,'N'),(64,'N'),(65,'N'),(66,'N'),(67,'N'),(68,'N'),(69,'N'),(70,'N'),(71,'N'),(72,'N'),(73,'N'),(74,'N'),(75,'N'),(76,'N'),(77,'N'),(78,'N'),(79,'N'),(80,'N'),(81,'N'),(82,'N'),(83,'N'),(84,'N'),(85,'N'),(86,'N'),(87,'N'),(88,'N'),(89,'N'),(90,'N'),(91,'N'),(92,'N'),(93,'N'),(94,'N'),(95,'N'),(96,'N'),(97,'N'),(98,'N'),(99,'N'),(100,'N'),(101,'N'),(102,'N'),(103,'N'),(104,'N'),(105,'N'),(106,'N'),(107,'N'),(108,'N'),(109,'N'),(110,'N'),(111,'N'),(112,'N'),(113,'N'),(114,'N'),(115,'N'),(116,'N'),(117,'N'),(118,'N'),(119,'N'),(120,'N'),(121,'N'),(122,'N'),(123,'N'),(124,'N'),(125,'N'),(126,'N'),(127,'N'),(128,'N'),(129,'N'),(130,'N'),(131,'N'),(132,'N'),(133,'N'),(134,'N'),(135,'N'),(136,'N'),(137,'N'),(138,'N'),(139,'N'),(140,'N'),(141,'N'),(142,'N'),(143,'N'),(144,'N'),(145,'N'),(146,'N'),(147,'N'),(148,'N'),(149,'N'),(150,'N'),(151,'N'),(152,'N'),(153,'N'),(154,'N'),(155,'N'),(156,'N'),(157,'N'),(158,'N'),(159,'N'),(160,'N'),(161,'N'),(162,'N'),(163,'N'),(164,'N'),(165,'N'),(166,'N'),(167,'N'),(168,'N'),(169,'N'),(170,'N'),(171,'N'),(172,'N'),(173,'N'),(174,'N'),(175,'N'),(176,'N'),(177,'N'),(178,'N'),(179,'N'),(180,'N'),(181,'N'),(182,'N'),(183,'N'),(184,'N'),(185,'N'),(186,'N'),(187,'N'),(188,'N'),(189,'N'),(190,'N'),(191,'N'),(192,'N'),(193,'N'),(194,'N'),(195,'N'),(196,'N'),(197,'N'),(198,'N'),(199,'N'),(200,'N'),(201,'N'),(202,'N'),(203,'N'),(204,'N'),(205,'N'),(206,'N'),(207,'N'),(208,'N'),(209,'N'),(210,'N'),(211,'N'),(212,'N'),(213,'N'),(214,'N'),(215,'N'),(216,'N'),(217,'N'),(218,'N'),(219,'N'),(220,'N'),(221,'N'),(222,'N'),(223,'N'),(224,'N'),(225,'N'),(226,'N'),(227,'N'),(228,'N'),(229,'N'),(230,'N'),(231,'N'),(232,'N'),(233,'N'),(234,'N'),(235,'N'),(236,'N'),(237,'N'),(238,'N'),(239,'N'),(240,'N'),(241,'N'),(242,'N'),(243,'N'),(244,'N'),(245,'N'),(246,'N'),(247,'N'),(248,'N'),(249,'N'),(250,'N'),(251,'N'),(252,'N'),(253,'N'),(254,'N'),(255,'N'),(256,'N'),(257,'N'),(258,'N'),(259,'N'),(260,'N'),(261,'N'),(262,'N'),(263,'N'),(264,'N'),(265,'N'),(266,'N'),(267,'N'),(268,'N'),(269,'N'),(270,'N'),(271,'N'),(272,'N'),(273,'N'),(274,'N'),(275,'N'),(276,'N'),(277,'N'),(278,'N'),(279,'N'),(280,'N'),(281,'N'),(282,'N'),(283,'N'),(284,'N'),(285,'N'),(286,'N'),(287,'N'),(288,'N'),(289,'N'),(290,'N'),(291,'N'),(292,'N'),(293,'N'),(294,'N'),(295,'N'),(296,'N'),(297,'N'),(298,'N'),(299,'N'),(300,'N'),(301,'N'),(302,'N'),(303,'N'),(304,'N'),(305,'N'),(306,'N'),(307,'N'),(308,'N'),(309,'N'),(310,'N'),(311,'N'),(312,'N'),(313,'N'),(314,'N'),(315,'N'),(316,'N'),(317,'N'),(318,'N'),(319,'N'),(320,'N'),(321,'N'),(322,'N'),(323,'N'),(324,'N'),(325,'N'),(326,'N'),(327,'N'),(328,'N'),(329,'N'),(330,'N'),(331,'N'),(332,'N'),(333,'N'),(334,'N'),(335,'N'),(336,'N'),(337,'N'),(338,'N'),(339,'N'),(340,'N'),(341,'N'),(342,'N'),(343,'N'),(344,'N'),(345,'N'),(346,'N'),(347,'N'),(348,'N'),(349,'N'),(350,'N'),(351,'N'),(352,'N'),(353,'N'),(354,'N'),(355,'N'),(356,'N'),(357,'N'),(358,'N'),(359,'N'),(360,'N'),(361,'N'),(362,'N'),(363,'N'),(364,'N'),(365,'N'),(366,'N'),(367,'N'),(368,'N'),(369,'N'),(370,'N'),(371,'N'),(372,'N'),(373,'N'),(374,'N'),(375,'N'),(376,'N'),(377,'N'),(378,'N'),(379,'N'),(380,'N'),(381,'N'),(382,'N'),(383,'N'),(384,'N'),(385,'N'),(386,'N'),(387,'N'),(388,'N'),(389,'N'),(390,'N'),(391,'N'),(392,'N'),(393,'N'),(394,'N'),(395,'N'),(396,'N'),(397,'N'),(398,'N'),(399,'N'),(400,'N'),(401,'N'),(402,'N'),(403,'N'),(404,'N'),(405,'N'),(406,'N'),(407,'N'),(408,'N'),(409,'N'),(410,'N'),(411,'N'),(412,'N'),(413,'N'),(414,'N'),(415,'N'),(416,'N'),(417,'N'),(418,'N'),(419,'N'),(420,'N'),(421,'N'),(422,'N'),(423,'N'),(424,'N'),(425,'N'),(426,'N'),(427,'N'),(428,'N'),(429,'N'),(430,'N'),(431,'N'),(432,'N'),(433,'N'),(434,'N'),(435,'N'),(436,'N'),(437,'N'),(438,'N'),(439,'N'),(440,'N'),(441,'N'),(442,'N'),(443,'N'),(444,'N'),(445,'N'),(446,'N'),(447,'N'),(448,'N'),(449,'N'),(450,'N'),(451,'N'),(452,'N'),(453,'N'),(454,'N'),(455,'N'),(456,'N'),(457,'N'),(458,'N'),(459,'N'),(460,'N'),(461,'N'),(462,'N'),(463,'N'),(464,'N'),(465,'N'),(466,'N'),(467,'N'),(468,'N'),(469,'N'),(470,'N'),(471,'N'),(472,'N'),(473,'N'),(474,'N'),(475,'N'),(476,'N'),(477,'N'),(478,'N'),(479,'N'),(480,'N'),(481,'N'),(482,'N'),(483,'N'),(484,'N'),(485,'N'),(486,'N'),(487,'N'),(488,'N'),(489,'N'),(490,'N'),(491,'N'),(492,'N'),(493,'N'),(494,'N'),(495,'N'),(496,'N'),(497,'N'),(498,'N'),(499,'N'),(500,'N'),(501,'N'),(502,'N'),(503,'N'),(504,'N'),(505,'N'),(506,'N'),(507,'N'),(508,'N'),(509,'N'),(510,'N'),(511,'N'),(512,'N'),(513,'N'),(514,'N'),(515,'N'),(516,'N'),(517,'N'),(518,'N'),(519,'N'),(520,'N'),(521,'N'),(522,'N'),(523,'N'),(524,'N'),(525,'N'),(526,'N'),(527,'N'),(528,'N'),(529,'N'),(530,'N'),(531,'N'),(532,'N'),(533,'N'),(534,'N'),(535,'N'),(536,'N'),(537,'N'),(538,'N'),(539,'N'),(540,'N'),(541,'N'),(542,'N'),(543,'N'),(544,'N'),(545,'N'),(546,'N'),(547,'N'),(548,'N'),(549,'N'),(550,'N'),(551,'N'),(552,'N'),(553,'N'),(554,'N'),(555,'N'),(556,'N'),(557,'N'),(558,'N'),(559,'N'),(560,'N'),(561,'N'),(562,'N'),(563,'N'),(564,'N'),(565,'N'),(566,'N'),(567,'N'),(568,'N'),(569,'N'),(570,'N'),(571,'N'),(572,'N'),(573,'N'),(574,'N'),(575,'N'),(576,'N'),(577,'N'),(578,'N'),(579,'N'),(580,'N'),(581,'N'),(582,'N'),(583,'N'),(584,'N'),(585,'N'),(586,'N'),(587,'N'),(588,'N'),(589,'N'),(590,'N'),(591,'N'),(592,'N'),(593,'N'),(594,'N'),(595,'N'),(596,'N'),(597,'N'),(598,'N'),(599,'N'),(600,'N'),(601,'N'),(602,'N'),(603,'N'),(604,'N'),(605,'N'),(606,'N'),(607,'N'),(608,'N'),(609,'N'),(610,'N'),(611,'N'),(612,'N'),(613,'N'),(614,'N'),(615,'N'),(616,'N'),(617,'N'),(618,'N'),(619,'N'),(620,'N'),(621,'N'),(622,'N'),(623,'N'),(624,'N'),(625,'N'),(626,'N'),(627,'N'),(628,'N'),(629,'N'),(630,'N'),(631,'N'),(632,'N'),(633,'N'),(634,'N'),(635,'N'),(636,'N'),(637,'N'),(638,'N'),(639,'N'),(640,'N'),(641,'N'),(642,'N'),(643,'N'),(644,'N'),(645,'N'),(646,'N'),(647,'N'),(648,'N'),(649,'N'),(650,'N'),(651,'N'),(652,'N'),(653,'N'),(654,'N'),(655,'N'),(656,'N'),(657,'N'),(658,'N'),(659,'N'),(660,'N'),(661,'N'),(662,'N'),(663,'N'),(664,'N'),(665,'N'),(666,'N'),(667,'N'),(668,'N'),(669,'N'),(670,'N'),(671,'N'),(672,'N'),(673,'N'),(674,'N'),(675,'N'),(676,'N'),(677,'N'),(678,'N'),(679,'N'),(680,'N'),(681,'N'),(682,'N'),(683,'N'),(684,'N'),(685,'N'),(686,'N'),(687,'N'),(688,'N'),(689,'N'),(690,'N'),(691,'N'),(692,'N'),(693,'N'),(694,'N'),(695,'N'),(696,'N'),(697,'N'),(698,'N'),(699,'N'),(700,'N'),(701,'N'),(702,'N'),(703,'N'),(704,'N'),(705,'N'),(706,'N'),(707,'N'),(708,'N'),(709,'N'),(710,'N'),(711,'N'),(712,'N'),(713,'N'),(714,'N'),(715,'N'),(716,'N'),(717,'N'),(718,'N'),(719,'N'),(720,'N'),(721,'N'),(722,'N'),(723,'N'),(724,'N'),(725,'N'),(726,'N'),(727,'N'),(728,'N'),(729,'N'),(730,'N'),(731,'N'),(732,'N'),(733,'N'),(734,'N'),(735,'N'),(736,'N'),(737,'N'),(738,'N'),(739,'N'),(740,'N'),(741,'N'),(742,'N'),(743,'N'),(744,'N'),(745,'N'),(746,'N'),(747,'N'),(748,'N'),(749,'N'),(750,'N'),(751,'N'),(752,'N'),(753,'N'),(754,'N'),(755,'N'),(756,'N'),(757,'N'),(758,'N'),(759,'N'),(760,'N'),(761,'N'),(762,'N'),(763,'N'),(764,'N'),(765,'N'),(766,'N'),(767,'N'),(768,'N'),(769,'N'),(770,'N'),(771,'N'),(772,'N'),(773,'N'),(774,'N'),(775,'N'),(776,'N'),(777,'N'),(778,'N'),(779,'N'),(780,'N'),(781,'N'),(782,'N'),(783,'N'),(784,'N'),(785,'N'),(786,'N'),(787,'N'),(788,'N'),(789,'N'),(790,'N'),(791,'N'),(792,'N'),(793,'N'),(794,'N'),(795,'N'),(796,'N'),(797,'N'),(798,'N'),(799,'N'),(800,'N'),(801,'N'),(802,'N'),(803,'N'),(804,'N'),(805,'N'),(806,'N'),(807,'N'),(808,'N'),(809,'N'),(810,'N'),(811,'N'),(812,'N'),(813,'N'),(814,'N'),(815,'N'),(816,'N'),(817,'N'),(818,'N'),(819,'N'),(820,'N'),(821,'N'),(822,'N'),(823,'N'),(824,'N'),(825,'N'),(826,'N'),(827,'N'),(828,'N'),(829,'N'),(830,'N'),(831,'N'),(832,'N'),(833,'N'),(834,'N'),(835,'N'),(836,'N'),(837,'N'),(838,'N'),(839,'N'),(840,'N'),(841,'N'),(842,'N'),(843,'N'),(844,'N'),(845,'N'),(846,'N'),(847,'N'),(848,'N'),(849,'N'),(850,'N'),(851,'N'),(852,'N'),(853,'N'),(854,'N'),(855,'N'),(856,'N'),(857,'N'),(858,'N'),(859,'N'),(860,'N'),(861,'N'),(862,'N'),(863,'N'),(864,'N'),(865,'N'),(866,'N'),(867,'N'),(868,'N'),(869,'N'),(870,'N'),(871,'N'),(872,'N'),(873,'N'),(874,'N'),(875,'N'),(876,'N'),(877,'N'),(878,'N'),(879,'N'),(880,'N'),(881,'N'),(882,'N'),(883,'N'),(884,'N'),(885,'N'),(886,'N'),(887,'N'),(888,'N'),(889,'N'),(890,'N'),(891,'N'),(892,'N'),(893,'N'),(894,'N'),(895,'N'),(896,'N'),(897,'N'),(898,'N'),(899,'N'),(900,'N'),(901,'N'),(902,'N'),(903,'N'),(904,'N'),(905,'N'),(906,'N'),(907,'N'),(908,'N'),(909,'N'),(910,'N'),(911,'N'),(912,'N'),(913,'N'),(914,'N'),(915,'N'),(916,'N'),(917,'N'),(918,'N'),(919,'N'),(920,'N'),(921,'N'),(922,'N'),(923,'N'),(924,'N'),(925,'N'),(926,'N'),(927,'N'),(928,'N'),(929,'N'),(930,'N'),(931,'N'),(932,'N'),(933,'N'),(934,'N'),(935,'N'),(936,'N'),(937,'N'),(938,'N'),(939,'N'),(940,'N'),(941,'N'),(942,'N'),(943,'N'),(944,'N'),(945,'N'),(946,'N'),(947,'N'),(948,'N'),(949,'N'),(950,'N'),(951,'N'),(952,'N'),(953,'N'),(954,'N'),(955,'N'),(956,'N'),(957,'N'),(958,'N'),(959,'N'),(960,'N'),(961,'N'),(962,'N'),(963,'N'),(964,'N'),(965,'N'),(966,'N'),(967,'N'),(968,'N'),(969,'N'),(970,'N'),(971,'N'),(972,'N'),(973,'N'),(974,'N'),(975,'N'),(976,'N'),(977,'N'),(978,'N'),(979,'N'),(980,'N'),(981,'N'),(982,'N'),(983,'N'),(984,'N'),(985,'N'),(986,'N'),(987,'N'),(988,'N'),(989,'N'),(990,'N'),(991,'N'),(992,'N'),(993,'N'),(994,'N'),(995,'N'),(996,'N'),(997,'N'),(998,'N'),(999,'N'),(1000,'N'),(1001,'N'),(1002,'N'),(1003,'N'),(1004,'N'),(1005,'N'),(1006,'N'),(1007,'N'),(1008,'N'),(1009,'N'),(1010,'N'),(1011,'N'),(1012,'N'),(1013,'N'),(1014,'N'),(1015,'N'),(1016,'N'),(1017,'N'),(1018,'N'),(1019,'N'),(1020,'N'),(1021,'N'),(1022,'N'),(1023,'N'),(1024,'N'),(1025,'N'),(1026,'N'),(1027,'N'),(1028,'N'),(1029,'N'),(1030,'N'),(1031,'N'),(1032,'N'),(1033,'N'),(1034,'N'),(1035,'N'),(1036,'N'),(1037,'N'),(1038,'N'),(1039,'N'),(1040,'N'),(1041,'N'),(1042,'N'),(1043,'N'),(1044,'N'),(1045,'N'),(1046,'N'),(1047,'N'),(1048,'N'),(1049,'N'),(1050,'N'),(1051,'N'),(1052,'N'),(1053,'N'),(1054,'N'),(1055,'N'),(1056,'N'),(1057,'N'),(1058,'N'),(1059,'N'),(1060,'N'),(1061,'N'),(1062,'N'),(1063,'N'),(1064,'N'),(1065,'N'),(1066,'N'),(1067,'N'),(1068,'N'),(1069,'N'),(1070,'N'),(1071,'N'),(1072,'N'),(1073,'N'),(1074,'N'),(1075,'N'),(1076,'N'),(1077,'N'),(1078,'N'),(1079,'N'),(1080,'N'),(1081,'N'),(1082,'N'),(1083,'N'),(1084,'N'),(1085,'N'),(1086,'N'),(1087,'N'),(1088,'N'),(1089,'N'),(1090,'N'),(1091,'N'),(1092,'N'),(1093,'N'),(1094,'N'),(1095,'N'),(1096,'N'),(1097,'N'),(1098,'N'),(1099,'N'),(1100,'N'),(1101,'N'),(1102,'N'),(1103,'N'),(1104,'N'),(1105,'N'),(1106,'N'),(1107,'N'),(1108,'N'),(1109,'N'),(1110,'N'),(1111,'N'),(1112,'N'),(1113,'N'),(1114,'N'),(1115,'N'),(1116,'N'),(1117,'N'),(1118,'N'),(1119,'N'),(1120,'N'),(1121,'N'),(1122,'N'),(1123,'N'),(1124,'N'),(1125,'N'),(1126,'N'),(1127,'N'),(1128,'N'),(1129,'N'),(1130,'N'),(1131,'N'),(1132,'N'),(1133,'N'),(1134,'N'),(1135,'N'),(1136,'N'),(1137,'N'),(1138,'N'),(1139,'N'),(1140,'N'),(1141,'N'),(1142,'N'),(1143,'N'),(1144,'N'),(1145,'N'),(1146,'N'),(1147,'N'),(1148,'N'),(1149,'N'),(1150,'N'),(1151,'N'),(1152,'N'),(1153,'N'),(1154,'N'),(1155,'N'),(1156,'N'),(1157,'N'),(1158,'N'),(1159,'N'),(1160,'N'),(1161,'N'),(1162,'N'),(1163,'N'),(1164,'N'),(1165,'N'),(1166,'N'),(1167,'N'),(1168,'N'),(1169,'N'),(1170,'N'),(1171,'N'),(1172,'N'),(1173,'N'),(1174,'N'),(1175,'N'),(1176,'N'),(1177,'N'),(1178,'N'),(1179,'N'),(1180,'N'),(1181,'N'),(1182,'N'),(1183,'N'),(1184,'N'),(1185,'N'),(1186,'N'),(1187,'N'),(1188,'N'),(1189,'N'),(1190,'N'),(1191,'N'),(1192,'N'),(1193,'N'),(1194,'Y'),(1195,'Y'),(1196,'Y'),(1197,'Y'),(1198,'Y'),(1199,'Y'),(1200,'Y'),(1201,'Y'),(1202,'Y'),(1203,'Y'),(1204,'Y'),(1205,'Y'),(1206,'Y'),(1207,'Y'),(1208,'Y'),(1209,'Y'),(1210,'Y'),(1211,'Y'),(1212,'Y'),(1213,'Y'),(1214,'Y'),(1215,'Y'),(1216,'Y'),(1217,'Y'),(1218,'Y'),(1219,'Y'),(1220,'Y'),(1221,'Y'),(1222,'Y'),(1223,'Y'),(1224,'Y'),(1225,'Y'),(1226,'Y'),(1227,'Y'),(1228,'Y'),(1229,'Y'),(1230,'Y'),(1231,'Y'),(1232,'Y'),(1233,'Y'),(1234,'Y'),(1235,'Y'),(1236,'Y'),(1237,'Y'),(1238,'Y'),(1239,'Y'),(1240,'Y'),(1241,'Y'),(1242,'Y'),(1243,'Y'),(1244,'Y'),(1245,'Y'),(1246,'Y'),(1247,'Y'),(1248,'Y'),(1249,'Y'),(1250,'Y'),(1251,'Y'),(1252,'Y'),(1253,'Y'),(1254,'Y'),(1255,'Y'),(1256,'Y'),(1257,'Y'),(1258,'Y'),(1259,'Y'),(1260,'Y'),(1261,'Y'),(1262,'Y'),(1263,'Y'),(1264,'Y'),(1265,'Y'),(1266,'Y'),(1267,'Y'),(1268,'Y'),(1269,'Y'),(1270,'Y'),(1271,'Y'),(1272,'Y'),(1273,'Y'),(1274,'Y'),(1275,'Y'),(1276,'Y'),(1277,'Y'),(1278,'Y'),(1279,'Y'),(1280,'Y'),(1281,'Y'),(1282,'Y'),(1283,'Y'),(1284,'Y'),(1285,'Y'),(1286,'Y'),(1287,'Y'),(1288,'Y'),(1289,'Y'),(1290,'Y'),(1291,'Y'),(1292,'Y'),(1293,'Y'),(1294,'Y'),(1295,'Y'),(1296,'Y'),(1297,'Y'),(1298,'Y'),(1299,'Y'),(1300,'Y'),(1301,'Y'),(1302,'Y'),(1303,'Y'),(1304,'Y'),(1305,'Y'),(1306,'Y'),(1307,'Y'),(1308,'Y'),(1309,'Y'),(1310,'Y'),(1311,'Y'),(1312,'Y'),(1313,'Y'),(1314,'Y'),(1315,'Y'),(1316,'Y'),(1317,'Y'),(1318,'Y'),(1319,'Y'),(1320,'Y'),(1321,'Y'),(1322,'Y'),(1323,'Y'),(1324,'Y'),(1325,'Y'),(1326,'Y'),(1327,'Y'),(1328,'Y'),(1329,'Y'),(1330,'Y'),(1331,'Y'),(1332,'Y'),(1333,'Y'),(1334,'Y'),(1335,'Y'),(1336,'Y'),(1337,'Y'),(1338,'Y'),(1339,'Y'),(1340,'Y'),(1341,'Y'),(1342,'Y'),(1343,'Y'),(1344,'Y'),(1345,'Y'),(1346,'Y'),(1347,'Y'),(1348,'Y'),(1349,'Y'),(1350,'Y'),(1351,'Y'),(1352,'Y'),(1353,'Y'),(1354,'Y'),(1355,'Y'),(1356,'Y'),(1357,'Y'),(1358,'Y'),(1359,'Y'),(1360,'Y'),(1361,'Y'),(1362,'Y'),(1363,'Y'),(1364,'Y'),(1365,'Y'),(1366,'Y'),(1367,'Y'),(1368,'Y'),(1369,'Y'),(1370,'Y'),(1371,'Y'),(1372,'Y'),(1373,'Y'),(1374,'Y'),(1375,'Y'),(1376,'Y'),(1377,'Y'),(1378,'Y'),(1379,'Y'),(1380,'Y'),(1381,'Y'),(1382,'Y'),(1383,'Y'),(1384,'Y'),(1385,'Y'),(1386,'Y'),(1387,'Y'),(1388,'Y'),(1389,'Y'),(1390,'Y'),(1391,'Y'),(1392,'Y'),(1393,'Y'),(1394,'Y'),(1395,'Y'),(1396,'Y'),(1397,'Y'),(1398,'Y'),(1399,'Y'),(1400,'Y'),(1401,'Y'),(1402,'Y'),(1403,'Y'),(1404,'Y'),(1405,'Y'),(1406,'Y'),(1407,'Y'),(1408,'Y'),(1409,'Y'),(1410,'Y'),(1411,'Y'),(1412,'Y'),(1413,'Y'),(1414,'Y'),(1415,'Y'),(1416,'Y'),(1417,'Y'),(1418,'Y'),(1419,'Y'),(1420,'Y'),(1421,'Y'),(1422,'Y'),(1423,'Y'),(1424,'Y'),(1425,'Y'),(1426,'Y'),(1427,'Y'),(1428,'Y'),(1429,'Y'),(1430,'Y'),(1431,'Y'),(1432,'Y'),(1433,'Y'),(1434,'Y'),(1435,'Y'),(1436,'Y'),(1437,'Y'),(1438,'Y'),(1439,'Y'),(1440,'Y'),(1441,'Y'),(1442,'Y'),(1443,'Y'),(1444,'Y'),(1445,'Y'),(1446,'Y'),(1447,'Y'),(1448,'Y'),(1449,'Y'),(1450,'Y'),(1451,'Y'),(1452,'Y'),(1453,'Y'),(1454,'Y'),(1455,'Y'),(1456,'Y'),(1457,'Y'),(1458,'Y'),(1459,'Y'),(1460,'Y'),(1461,'Y'),(1462,'Y'),(1463,'Y'),(1464,'Y'),(1465,'Y'),(1466,'Y'),(1467,'Y'),(1468,'Y'),(1469,'Y'),(1470,'Y'),(1471,'Y'),(1472,'Y'),(1473,'Y'),(1474,'Y'),(1475,'Y'),(1476,'Y'),(1477,'Y'),(1478,'Y'),(1479,'Y'),(1480,'Y'),(1481,'Y'),(1482,'Y'),(1483,'Y'),(1484,'Y'),(1485,'Y'),(1486,'Y'),(1487,'Y'),(1488,'Y'),(1489,'Y'),(1490,'Y'),(1491,'Y'),(1492,'Y'),(1493,'Y'),(1494,'Y'),(1495,'Y'),(1496,'Y'),(1497,'Y'),(1498,'Y'),(1499,'Y'),(1500,'Y'),(1501,'Y'),(1502,'Y'),(1503,'Y'),(1504,'Y'),(1505,'Y'),(1506,'Y'),(1507,'Y'),(1508,'Y'),(1509,'Y'),(1510,'Y'),(1511,'Y'),(1512,'Y'),(1513,'Y'),(1514,'Y'),(1515,'Y'),(1516,'Y'),(1517,'Y'),(1518,'Y'),(1519,'Y'),(1520,'Y'),(1521,'Y'),(1522,'Y'),(1523,'Y'),(1524,'Y'),(1525,'Y'),(1526,'Y'),(1527,'Y'),(1528,'Y'),(1529,'Y'),(1530,'Y'),(1531,'Y'),(1532,'Y'),(1533,'Y'),(1534,'Y'),(1535,'Y'),(1536,'Y'),(1537,'Y'),(1538,'Y'),(1539,'Y'),(1540,'Y'),(1541,'Y'),(1542,'Y'),(1543,'Y'),(1544,'Y'),(1545,'Y'),(1546,'Y'),(1547,'Y'),(1548,'Y'),(1549,'Y'),(1550,'Y'),(1551,'Y'),(1552,'Y'),(1553,'Y'),(1554,'Y'),(1555,'Y'),(1556,'Y'),(1557,'Y'),(1558,'Y'),(1559,'Y'),(1560,'Y'),(1561,'Y'),(1562,'Y'),(1563,'Y'),(1564,'Y'),(1565,'Y'),(1566,'Y'),(1567,'Y'),(1568,'Y'),(1569,'Y'),(1570,'Y'),(1571,'Y'),(1572,'Y'),(1573,'Y'),(1574,'Y'),(1575,'Y'),(1576,'Y'),(1577,'Y'),(1578,'Y'),(1579,'Y'),(1580,'Y'),(1581,'Y'),(1582,'Y'),(1583,'Y'),(1584,'Y'),(1585,'Y'),(1586,'Y'),(1587,'Y'),(1588,'Y'),(1589,'Y'),(1590,'Y'),(1591,'Y'),(1592,'Y'),(1593,'Y'),(1594,'Y'),(1595,'Y'),(1596,'Y'),(1597,'Y'),(1598,'Y'),(1599,'Y'),(1600,'Y'),(1601,'Y'),(1602,'Y'),(1603,'Y'),(1604,'Y'),(1605,'Y'),(1606,'Y'),(1607,'Y'),(1608,'Y'),(1609,'Y'),(1610,'Y'),(1611,'Y'),(1612,'Y'),(1613,'Y'),(1614,'Y'),(1615,'Y'),(1616,'Y'),(1617,'Y'),(1618,'Y'),(1619,'Y'),(1620,'Y'),(1621,'Y'),(1622,'Y'),(1623,'Y'),(1624,'Y'),(1625,'Y'),(1626,'Y'),(1627,'Y'),(1628,'Y'),(1629,'Y'),(1630,'Y'),(1631,'Y'),(1632,'Y'),(1633,'Y'),(1634,'Y'),(1635,'Y'),(1636,'Y'),(1637,'Y'),(1638,'Y'),(1639,'Y'),(1640,'Y'),(1641,'Y'),(1642,'Y'),(1643,'Y'),(1644,'Y'),(1645,'Y'),(1646,'Y'),(1647,'Y'),(1648,'Y'),(1649,'Y'),(1650,'Y'),(1651,'Y'),(1652,'Y'),(1653,'Y'),(1654,'Y'),(1655,'Y'),(1656,'Y'),(1657,'Y'),(1658,'Y'),(1659,'Y'),(1660,'Y'),(1661,'Y'),(1662,'Y'),(1663,'Y'),(1664,'Y'),(1665,'Y'),(1666,'Y'),(1667,'Y'),(1668,'Y'),(1669,'Y'),(1670,'Y'),(1671,'Y'),(1672,'Y'),(1673,'Y'),(1674,'Y'),(1675,'Y'),(1676,'Y'),(1677,'Y'),(1678,'Y'),(1679,'Y'),(1680,'Y'),(1681,'Y'),(1682,'Y'),(1683,'Y'),(1684,'Y'),(1685,'Y'),(1686,'Y'),(1687,'Y'),(1688,'Y'),(1689,'Y'),(1690,'Y'),(1691,'Y'),(1692,'Y'),(1693,'Y'),(1694,'Y'),(1695,'Y'),(1696,'Y'),(1697,'Y'),(1698,'Y'),(1699,'Y'),(1700,'Y'),(1701,'Y'),(1702,'Y'),(1703,'Y'),(1704,'Y'),(1705,'Y'),(1706,'Y'),(1707,'Y'),(1708,'Y'),(1709,'Y'),(1710,'Y'),(1711,'Y'),(1712,'Y'),(1713,'Y'),(1714,'Y'),(1715,'Y'),(1716,'Y'),(1717,'Y'),(1718,'Y'),(1719,'Y'),(1720,'Y'),(1721,'Y'),(1722,'Y'),(1723,'Y'),(1724,'Y'),(1725,'Y'),(1726,'Y'),(1727,'Y'),(1728,'Y'),(1729,'Y'),(1730,'Y'),(1731,'Y'),(1732,'Y'),(1733,'Y'),(1734,'Y'),(1735,'Y'),(1736,'Y'),(1737,'Y'),(1738,'Y'),(1739,'Y'),(1740,'Y'),(1741,'Y'),(1742,'Y'),(1743,'Y'),(1744,'Y'),(1745,'Y'),(1746,'Y'),(1747,'Y'),(1748,'Y'),(1749,'Y'),(1750,'Y'),(1751,'Y'),(1752,'Y'),(1753,'Y'),(1754,'Y'),(1755,'Y'),(1756,'Y'),(1757,'Y'),(1758,'Y'),(1759,'Y'),(1760,'Y'),(1761,'Y'),(1762,'Y'),(1763,'Y'),(1764,'Y'),(1765,'Y'),(1766,'Y'),(1767,'Y'),(1768,'Y'),(1769,'Y'),(1770,'Y'),(1771,'Y'),(1772,'Y'),(1773,'Y'),(1774,'Y'),(1775,'Y'),(1776,'Y'),(1777,'Y'),(1778,'Y'),(1779,'Y'),(1780,'Y'),(1781,'Y'),(1782,'Y'),(1783,'Y'),(1784,'Y'),(1785,'Y'),(1786,'Y'),(1787,'Y'),(1788,'Y'),(1789,'Y');
/*!40000 ALTER TABLE `time_zone` ENABLE KEYS */;
UNLOCK TABLES;

--
-- Table structure for table `time_zone_name`
--

DROP TABLE IF EXISTS `time_zone_name`;
/*!40101 SET @saved_cs_client     = @@character_set_client */;
/*!50503 SET character_set_client = utf8mb4 */;
CREATE TABLE `time_zone_name` (
  `Name` char(64) NOT NULL,
  `Time_zone_id` int unsigned NOT NULL,
  PRIMARY KEY (`Name`)
) /*!50100 TABLESPACE `mysql` */ ENGINE=InnoDB DEFAULT CHARSET=utf8mb3 STATS_PERSISTENT=0 ROW_FORMAT=DYNAMIC COMMENT='Time zone names';
/*!40101 SET character_set_client = @saved_cs_client */;

--
-- Dumping data for table `time_zone_name`
--

LOCK TABLES `time_zone_name` WRITE;
/*!40000 ALTER TABLE `time_zone_name` DISABLE KEYS */;
INSERT INTO `time_zone_name` VALUES ('Africa/Abidjan',1),('Africa/Accra',2),('Africa/Addis_Ababa',3),('Africa/Algiers',4),('Africa/Asmara',5),('Africa/Asmera',6),('Africa/Bamako',7),('Africa/Bangui',8),('Africa/Banjul',9),('Africa/Bissau',10),('Africa/Blantyre',11),('Africa/Brazzaville',12),('Africa/Bujumbura',13),('Africa/Cairo',14),('Africa/Casablanca',15),('Africa/Ceuta',16),('Africa/Conakry',17),('Africa/Dakar',18),('Africa/Dar_es_Salaam',19),('Africa/Djibouti',20),('Africa/Douala',21),('Africa/El_Aaiun',22),('Africa/Freetown',23),('Africa/Gaborone',24),('Africa/Harare',25),('Africa/Johannesburg',26),('Africa/Juba',27),('Africa/Kampala',28),('Africa/Khartoum',29),('Africa/Kigali',30),('Africa/Kinshasa',31),('Africa/Lagos',32),('Africa/Libreville',33),('Africa/Lome',34),('Africa/Luanda',35),('Africa/Lubumbashi',36),('Africa/Lusaka',37),('Africa/Malabo',38),('Africa/Maputo',39),('Africa/Maseru',40),('Africa/Mbabane',41),('Africa/Mogadishu',42),('Africa/Monrovia',43),('Africa/Nairobi',44),('Africa/Ndjamena',45),('Africa/Niamey',46),('Africa/Nouakchott',47),('Africa/Ouagadougou',48),('Africa/Porto-Novo',49),('Africa/Sao_Tome',50),('Africa/Timbuktu',51),('Africa/Tripoli',52),('Africa/Tunis',53),('Africa/Windhoek',54),('America/Adak',55),('America/Anchorage',56),('America/Anguilla',57),('America/Antigua',58),('America/Araguaina',59),('America/Argentina/Buenos_Aires',60),('America/Argentina/Catamarca',61),('America/Argentina/ComodRivadavia',62),('America/Argentina/Cordoba',63),('America/Argentina/Jujuy',64),('America/Argentina/La_Rioja',65),('America/Argentina/Mendoza',66),('America/Argentina/Rio_Gallegos',67),('America/Argentina/Salta',68),('America/Argentina/San_Juan',69),('America/Argentina/San_Luis',70),('America/Argentina/Tucuman',71),('America/Argentina/Ushuaia',72),('America/Aruba',73),('America/Asuncion',74),('America/Atikokan',75),('America/Atka',76),('America/Bahia',77),('America/Bahia_Banderas',78),('America/Barbados',79),('America/Belem',80),('America/Belize',81),('America/Blanc-Sablon',82),('America/Boa_Vista',83),('America/Bogota',84),('America/Boise',85),('America/Buenos_Aires',86),('America/Cambridge_Bay',87),('America/Campo_Grande',88),('America/Cancun',89),('America/Caracas',90),('America/Catamarca',91),('America/Cayenne',92),('America/Cayman',93),('America/Chicago',94),('America/Chihuahua',95),('America/Ciudad_Juarez',96),('America/Coral_Harbour',97),('America/Cordoba',98),('America/Costa_Rica',99),('America/Creston',100),('America/Cuiaba',101),('America/Curacao',102),('America/Danmarkshavn',103),('America/Dawson',104),('America/Dawson_Creek',105),('America/Denver',106),('America/Detroit',107),('America/Dominica',108),('America/Edmonton',109),('America/Eirunepe',110),('America/El_Salvador',111),('America/Ensenada',112),('America/Fortaleza',115),('America/Fort_Nelson',113),('America/Fort_Wayne',114),('America/Glace_Bay',116),('America/Godthab',117),('America/Goose_Bay',118),('America/Grand_Turk',119),('America/Grenada',120),('America/Guadeloupe',121),('America/Guatemala',122),('America/Guayaquil',123),('America/Guyana',124),('America/Halifax',125),('America/Havana',126),('America/Hermosillo',127),('America/Indiana/Indianapolis',128),('America/Indiana/Knox',129),('America/Indiana/Marengo',130),('America/Indiana/Petersburg',131),('America/Indiana/Tell_City',132),('America/Indiana/Vevay',133),('America/Indiana/Vincennes',134),('America/Indiana/Winamac',135),('America/Indianapolis',136),('America/Inuvik',137),('America/Iqaluit',138),('America/Jamaica',139),('America/Jujuy',140),('America/Juneau',141),('America/Kentucky/Louisville',142),('America/Kentucky/Monticello',143),('America/Knox_IN',144),('America/Kralendijk',145),('America/La_Paz',146),('America/Lima',147),('America/Los_Angeles',148),('America/Louisville',149),('America/Lower_Princes',150),('America/Maceio',151),('America/Managua',152),('America/Manaus',153),('America/Marigot',154),('America/Martinique',155),('America/Matamoros',156),('America/Mazatlan',157),('America/Mendoza',158),('America/Menominee',159),('America/Merida',160),('America/Metlakatla',161),('America/Mexico_City',162),('America/Miquelon',163),('America/Moncton',164),('America/Monterrey',165),('America/Montevideo',166),('America/Montreal',167),('America/Montserrat',168),('America/Nassau',169),('America/New_York',170),('America/Nipigon',171),('America/Nome',172),('America/Noronha',173),('America/North_Dakota/Beulah',174),('America/North_Dakota/Center',175),('America/North_Dakota/New_Salem',176),('America/Nuuk',177),('America/Ojinaga',178),('America/Panama',179),('America/Pangnirtung',180),('America/Paramaribo',181),('America/Phoenix',182),('America/Port-au-Prince',183),('America/Porto_Acre',185),('America/Porto_Velho',186),('America/Port_of_Spain',184),('America/Puerto_Rico',187),('America/Punta_Arenas',188),('America/Rainy_River',189),('America/Rankin_Inlet',190),('America/Recife',191),('America/Regina',192),('America/Resolute',193),('America/Rio_Branco',194),('America/Rosario',195),('America/Santarem',197),('America/Santa_Isabel',196),('America/Santiago',198),('America/Santo_Domingo',199),('America/Sao_Paulo',200),('America/Scoresbysund',201),('America/Shiprock',202),('America/Sitka',203),('America/St_Barthelemy',204),('America/St_Johns',205),('America/St_Kitts',206),('America/St_Lucia',207),('America/St_Thomas',208),('America/St_Vincent',209),('America/Swift_Current',210),('America/Tegucigalpa',211),('America/Thule',212),('America/Thunder_Bay',213),('America/Tijuana',214),('America/Toronto',215),('America/Tortola',216),('America/Vancouver',217),('America/Virgin',218),('America/Whitehorse',219),('America/Winnipeg',220),('America/Yakutat',221),('America/Yellowknife',222),('Antarctica/Casey',223),('Antarctica/Davis',224),('Antarctica/DumontDUrville',225),('Antarctica/Macquarie',226),('Antarctica/Mawson',227),('Antarctica/McMurdo',228),('Antarctica/Palmer',229),('Antarctica/Rothera',230),('Antarctica/South_Pole',231),('Antarctica/Syowa',232),('Antarctica/Troll',233),('Antarctica/Vostok',234),('Arctic/Longyearbyen',235),('Asia/Aden',236),('Asia/Almaty',237),('Asia/Amman',238),('Asia/Anadyr',239),('Asia/Aqtau',240),('Asia/Aqtobe',241),('Asia/Ashgabat',242),('Asia/Ashkhabad',243),('Asia/Atyrau',244),('Asia/Baghdad',245),('Asia/Bahrain',246),('Asia/Baku',247),('Asia/Bangkok',248),('Asia/Barnaul',249),('Asia/Beirut',250),('Asia/Bishkek',251),('Asia/Brunei',252),('Asia/Calcutta',253),('Asia/Chita',254),('Asia/Choibalsan',255),('Asia/Chongqing',256),('Asia/Chungking',257),('Asia/Colombo',258),('Asia/Dacca',259),('Asia/Damascus',260),('Asia/Dhaka',261),('Asia/Dili',262),('Asia/Dubai',263),('Asia/Dushanbe',264),('Asia/Famagusta',265),('Asia/Gaza',266),('Asia/Harbin',267),('Asia/Hebron',268),('Asia/Hong_Kong',270),('Asia/Hovd',271),('Asia/Ho_Chi_Minh',269),('Asia/Irkutsk',272),('Asia/Istanbul',273),('Asia/Jakarta',274),('Asia/Jayapura',275),('Asia/Jerusalem',276),('Asia/Kabul',277),('Asia/Kamchatka',278),('Asia/Karachi',279),('Asia/Kashgar',280),('Asia/Kathmandu',281),('Asia/Katmandu',282),('Asia/Khandyga',283),('Asia/Kolkata',284),('Asia/Krasnoyarsk',285),('Asia/Kuala_Lumpur',286),('Asia/Kuching',287),('Asia/Kuwait',288),('Asia/Macao',289),('Asia/Macau',290),('Asia/Magadan',291),('Asia/Makassar',292),('Asia/Manila',293),('Asia/Muscat',294),('Asia/Nicosia',295),('Asia/Novokuznetsk',296),('Asia/Novosibirsk',297),('Asia/Omsk',298),('Asia/Oral',299),('Asia/Phnom_Penh',300),('Asia/Pontianak',301),('Asia/Pyongyang',302),('Asia/Qatar',303),('Asia/Qostanay',304),('Asia/Qyzylorda',305),('Asia/Rangoon',306),('Asia/Riyadh',307),('Asia/Saigon',308),('Asia/Sakhalin',309),('Asia/Samarkand',310),('Asia/Seoul',311),('Asia/Shanghai',312),('Asia/Singapore',313),('Asia/Srednekolymsk',314),('Asia/Taipei',315),('Asia/Tashkent',316),('Asia/Tbilisi',317),('Asia/Tehran',318),('Asia/Tel_Aviv',319),('Asia/Thimbu',320),('Asia/Thimphu',321),('Asia/Tokyo',322),('Asia/Tomsk',323),('Asia/Ujung_Pandang',324),('Asia/Ulaanbaatar',325),('Asia/Ulan_Bator',326),('Asia/Urumqi',327),('Asia/Ust-Nera',328),('Asia/Vientiane',329),('Asia/Vladivostok',330),('Asia/Yakutsk',331),('Asia/Yangon',332),('Asia/Yekaterinburg',333),('Asia/Yerevan',334),('Atlantic/Azores',335),('Atlantic/Bermuda',336),('Atlantic/Canary',337),('Atlantic/Cape_Verde',338),('Atlantic/Faeroe',339),('Atlantic/Faroe',340),('Atlantic/Jan_Mayen',341),('Atlantic/Madeira',342),('Atlantic/Reykjavik',343),('Atlantic/South_Georgia',344),('Atlantic/Stanley',346),('Atlantic/St_Helena',345),('Australia/ACT',347),('Australia/Adelaide',348),('Australia/Brisbane',349),('Australia/Broken_Hill',350),('Australia/Canberra',351),('Australia/Currie',352),('Australia/Darwin',353),('Australia/Eucla',354),('Australia/Hobart',355),('Australia/LHI',356),('Australia/Lindeman',357),('Australia/Lord_Howe',358),('Australia/Melbourne',359),('Australia/North',361),('Australia/NSW',360),('Australia/Perth',362),('Australia/Queensland',363),('Australia/South',364),('Australia/Sydney',365),('Australia/Tasmania',366),('Australia/Victoria',367),('Australia/West',368),('Australia/Yancowinna',369),('Brazil/Acre',370),('Brazil/DeNoronha',371),('Brazil/East',372),('Brazil/West',373),('Canada/Atlantic',376),('Canada/Central',377),('Canada/Eastern',378),('Canada/Mountain',379),('Canada/Newfoundland',380),('Canada/Pacific',381),('Canada/Saskatchewan',382),('Canada/Yukon',383),('CET',374),('Chile/Continental',384),('Chile/EasterIsland',385),('CST6CDT',375),('Cuba',386),('EET',387),('Egypt',390),('Eire',391),('EST',388),('EST5EDT',389),('Etc/GMT',392),('Etc/GMT+0',393),('Etc/GMT+1',394),('Etc/GMT+10',395),('Etc/GMT+11',396),('Etc/GMT+12',397),('Etc/GMT+2',398),('Etc/GMT+3',399),('Etc/GMT+4',400),('Etc/GMT+5',401),('Etc/GMT+6',402),('Etc/GMT+7',403),('Etc/GMT+8',404),('Etc/GMT+9',405),('Etc/GMT-0',406),('Etc/GMT-1',407),('Etc/GMT-10',408),('Etc/GMT-11',409),('Etc/GMT-12',410),('Etc/GMT-13',411),('Etc/GMT-14',412),('Etc/GMT-2',413),('Etc/GMT-3',414),('Etc/GMT-4',415),('Etc/GMT-5',416),('Etc/GMT-6',417),('Etc/GMT-7',418),('Etc/GMT-8',419),('Etc/GMT-9',420),('Etc/GMT0',421),('Etc/Greenwich',422),('Etc/UCT',423),('Etc/Universal',425),('Etc/UTC',424),('Etc/Zulu',426),('Europe/Amsterdam',427),('Europe/Andorra',428),('Europe/Astrakhan',429),('Europe/Athens',430),('Europe/Belfast',431),('Europe/Belgrade',432),('Europe/Berlin',433),('Europe/Bratislava',434),('Europe/Brussels',435),('Europe/Bucharest',436),('Europe/Budapest',437),('Europe/Busingen',438),('Europe/Chisinau',439),('Europe/Copenhagen',440),('Europe/Dublin',441),('Europe/Gibraltar',442),('Europe/Guernsey',443),('Europe/Helsinki',444),('Europe/Isle_of_Man',445),('Europe/Istanbul',446),('Europe/Jersey',447),('Europe/Kaliningrad',448),('Europe/Kiev',449),('Europe/Kirov',450),('Europe/Kyiv',451),('Europe/Lisbon',452),('Europe/Ljubljana',453),('Europe/London',454),('Europe/Luxembourg',455),('Europe/Madrid',456),('Europe/Malta',457),('Europe/Mariehamn',458),('Europe/Minsk',459),('Europe/Monaco',460),('Europe/Moscow',461),('Europe/Nicosia',462),('Europe/Oslo',463),('Europe/Paris',464),('Europe/Podgorica',465),('Europe/Prague',466),('Europe/Riga',467),('Europe/Rome',468),('Europe/Samara',469),('Europe/San_Marino',470),('Europe/Sarajevo',471),('Europe/Saratov',472),('Europe/Simferopol',473),('Europe/Skopje',474),('Europe/Sofia',475),('Europe/Stockholm',476),('Europe/Tallinn',477),('Europe/Tirane',478),('Europe/Tiraspol',479),('Europe/Ulyanovsk',480),('Europe/Uzhgorod',481),('Europe/Vaduz',482),('Europe/Vatican',483),('Europe/Vienna',484),('Europe/Vilnius',485),('Europe/Volgograd',486),('Europe/Warsaw',487),('Europe/Zagreb',488),('Europe/Zaporozhye',489),('Europe/Zurich',490),('GB',491),('GB-Eire',492),('GMT',493),('GMT+0',494),('GMT-0',495),('GMT0',496),('Greenwich',497),('Hongkong',499),('HST',498),('Iceland',500),('Indian/Antananarivo',501),('Indian/Chagos',502),('Indian/Christmas',503),('Indian/Cocos',504),('Indian/Comoro',505),('Indian/Kerguelen',506),('Indian/Mahe',507),('Indian/Maldives',508),('Indian/Mauritius',509),('Indian/Mayotte',510),('Indian/Reunion',511),('Iran',512),('Israel',513),('Jamaica',514),('Japan',515),('Kwajalein',516),('Libya',517),('MET',518),('Mexico/BajaNorte',521),('Mexico/BajaSur',522),('Mexico/General',523),('MST',519),('MST7MDT',520),('Navajo',526),('NZ',524),('NZ-CHAT',525),('Pacific/Apia',529),('Pacific/Auckland',530),('Pacific/Bougainville',531),('Pacific/Chatham',532),('Pacific/Chuuk',533),('Pacific/Easter',534),('Pacific/Efate',535),('Pacific/Enderbury',536),('Pacific/Fakaofo',537),('Pacific/Fiji',538),('Pacific/Funafuti',539),('Pacific/Galapagos',540),('Pacific/Gambier',541),('Pacific/Guadalcanal',542),('Pacific/Guam',543),('Pacific/Honolulu',544),('Pacific/Johnston',545),('Pacific/Kanton',546),('Pacific/Kiritimati',547),('Pacific/Kosrae',548),('Pacific/Kwajalein',549),('Pacific/Majuro',550),('Pacific/Marquesas',551),('Pacific/Midway',552),('Pacific/Nauru',553),('Pacific/Niue',554),('Pacific/Norfolk',555),('Pacific/Noumea',556),('Pacific/Pago_Pago',557),('Pacific/Palau',558),('Pacific/Pitcairn',559),('Pacific/Pohnpei',560),('Pacific/Ponape',561),('Pacific/Port_Moresby',562),('Pacific/Rarotonga',563),('Pacific/Saipan',564),('Pacific/Samoa',565),('Pacific/Tahiti',566),('Pacific/Tarawa',567),('Pacific/Tongatapu',568),('Pacific/Truk',569),('Pacific/Wake',570),('Pacific/Wallis',571),('Pacific/Yap',572),('Poland',573),('Portugal',574),('posix/Africa/Abidjan',597),('posix/Africa/Accra',598),('posix/Africa/Addis_Ababa',599),('posix/Africa/Algiers',600),('posix/Africa/Asmara',601),('posix/Africa/Asmera',602),('posix/Africa/Bamako',603),('posix/Africa/Bangui',604),('posix/Africa/Banjul',605),('posix/Africa/Bissau',606),('posix/Africa/Blantyre',607),('posix/Africa/Brazzaville',608),('posix/Africa/Bujumbura',609),('posix/Africa/Cairo',610),('posix/Africa/Casablanca',611),('posix/Africa/Ceuta',612),('posix/Africa/Conakry',613),('posix/Africa/Dakar',614),('posix/Africa/Dar_es_Salaam',615),('posix/Africa/Djibouti',616),('posix/Africa/Douala',617),('posix/Africa/El_Aaiun',618),('posix/Africa/Freetown',619),('posix/Africa/Gaborone',620),('posix/Africa/Harare',621),('posix/Africa/Johannesburg',622),('posix/Africa/Juba',623),('posix/Africa/Kampala',624),('posix/Africa/Khartoum',625),('posix/Africa/Kigali',626),('posix/Africa/Kinshasa',627),('posix/Africa/Lagos',628),('posix/Africa/Libreville',629),('posix/Africa/Lome',630),('posix/Africa/Luanda',631),('posix/Africa/Lubumbashi',632),('posix/Africa/Lusaka',633),('posix/Africa/Malabo',634),('posix/Africa/Maputo',635),('posix/Africa/Maseru',636),('posix/Africa/Mbabane',637),('posix/Africa/Mogadishu',638),('posix/Africa/Monrovia',639),('posix/Africa/Nairobi',640),('posix/Africa/Ndjamena',641),('posix/Africa/Niamey',642),('posix/Africa/Nouakchott',643),('posix/Africa/Ouagadougou',644),('posix/Africa/Porto-Novo',645),('posix/Africa/Sao_Tome',646),('posix/Africa/Timbuktu',647),('posix/Africa/Tripoli',648),('posix/Africa/Tunis',649),('posix/Africa/Windhoek',650),('posix/America/Adak',651),('posix/America/Anchorage',652),('posix/America/Anguilla',653),('posix/America/Antigua',654),('posix/America/Araguaina',655),('posix/America/Argentina/Buenos_Aires',656),('posix/America/Argentina/Catamarca',657),('posix/America/Argentina/ComodRivadavia',658),('posix/America/Argentina/Cordoba',659),('posix/America/Argentina/Jujuy',660),('posix/America/Argentina/La_Rioja',661),('posix/America/Argentina/Mendoza',662),('posix/America/Argentina/Rio_Gallegos',663),('posix/America/Argentina/Salta',664),('posix/America/Argentina/San_Juan',665),('posix/America/Argentina/San_Luis',666),('posix/America/Argentina/Tucuman',667),('posix/America/Argentina/Ushuaia',668),('posix/America/Aruba',669),('posix/America/Asuncion',670),('posix/America/Atikokan',671),('posix/America/Atka',672),('posix/America/Bahia',673),('posix/America/Bahia_Banderas',674),('posix/America/Barbados',675),('posix/America/Belem',676),('posix/America/Belize',677),('posix/America/Blanc-Sablon',678),('posix/America/Boa_Vista',679),('posix/America/Bogota',680),('posix/America/Boise',681),('posix/America/Buenos_Aires',682),('posix/America/Cambridge_Bay',683),('posix/America/Campo_Grande',684),('posix/America/Cancun',685),('posix/America/Caracas',686),('posix/America/Catamarca',687),('posix/America/Cayenne',688),('posix/America/Cayman',689),('posix/America/Chicago',690),('posix/America/Chihuahua',691),('posix/America/Ciudad_Juarez',692),('posix/America/Coral_Harbour',693),('posix/America/Cordoba',694),('posix/America/Costa_Rica',695),('posix/America/Creston',696),('posix/America/Cuiaba',697),('posix/America/Curacao',698),('posix/America/Danmarkshavn',699),('posix/America/Dawson',700),('posix/America/Dawson_Creek',701),('posix/America/Denver',702),('posix/America/Detroit',703),('posix/America/Dominica',704),('posix/America/Edmonton',705),('posix/America/Eirunepe',706),('posix/America/El_Salvador',707),('posix/America/Ensenada',708),('posix/America/Fortaleza',711),('posix/America/Fort_Nelson',709),('posix/America/Fort_Wayne',710),('posix/America/Glace_Bay',712),('posix/America/Godthab',713),('posix/America/Goose_Bay',714),('posix/America/Grand_Turk',715),('posix/America/Grenada',716),('posix/America/Guadeloupe',717),('posix/America/Guatemala',718),('posix/America/Guayaquil',719),('posix/America/Guyana',720),('posix/America/Halifax',721),('posix/America/Havana',722),('posix/America/Hermosillo',723),('posix/America/Indiana/Indianapolis',724),('posix/America/Indiana/Knox',725),('posix/America/Indiana/Marengo',726),('posix/America/Indiana/Petersburg',727),('posix/America/Indiana/Tell_City',728),('posix/America/Indiana/Vevay',729),('posix/America/Indiana/Vincennes',730),('posix/America/Indiana/Winamac',731),('posix/America/Indianapolis',732),('posix/America/Inuvik',733),('posix/America/Iqaluit',734),('posix/America/Jamaica',735),('posix/America/Jujuy',736),('posix/America/Juneau',737),('posix/America/Kentucky/Louisville',738),('posix/America/Kentucky/Monticello',739),('posix/America/Knox_IN',740),('posix/America/Kralendijk',741),('posix/America/La_Paz',742),('posix/America/Lima',743),('posix/America/Los_Angeles',744),('posix/America/Louisville',745),('posix/America/Lower_Princes',746),('posix/America/Maceio',747),('posix/America/Managua',748),('posix/America/Manaus',749),('posix/America/Marigot',750),('posix/America/Martinique',751),('posix/America/Matamoros',752),('posix/America/Mazatlan',753),('posix/America/Mendoza',754),('posix/America/Menominee',755),('posix/America/Merida',756),('posix/America/Metlakatla',757),('posix/America/Mexico_City',758),('posix/America/Miquelon',759),('posix/America/Moncton',760),('posix/America/Monterrey',761),('posix/America/Montevideo',762),('posix/America/Montreal',763),('posix/America/Montserrat',764),('posix/America/Nassau',765),('posix/America/New_York',766),('posix/America/Nipigon',767),('posix/America/Nome',768),('posix/America/Noronha',769),('posix/America/North_Dakota/Beulah',770),('posix/America/North_Dakota/Center',771),('posix/America/North_Dakota/New_Salem',772),('posix/America/Nuuk',773),('posix/America/Ojinaga',774),('posix/America/Panama',775),('posix/America/Pangnirtung',776),('posix/America/Paramaribo',777),('posix/America/Phoenix',778),('posix/America/Port-au-Prince',779),('posix/America/Porto_Acre',781),('posix/America/Porto_Velho',782),('posix/America/Port_of_Spain',780),('posix/America/Puerto_Rico',783),('posix/America/Punta_Arenas',784),('posix/America/Rainy_River',785),('posix/America/Rankin_Inlet',786),('posix/America/Recife',787),('posix/America/Regina',788),('posix/America/Resolute',789),('posix/America/Rio_Branco',790),('posix/America/Rosario',791),('posix/America/Santarem',793),('posix/America/Santa_Isabel',792),('posix/America/Santiago',794),('posix/America/Santo_Domingo',795),('posix/America/Sao_Paulo',796),('posix/America/Scoresbysund',797),('posix/America/Shiprock',798),('posix/America/Sitka',799),('posix/America/St_Barthelemy',800),('posix/America/St_Johns',801),('posix/America/St_Kitts',802),('posix/America/St_Lucia',803),('posix/America/St_Thomas',804),('posix/America/St_Vincent',805),('posix/America/Swift_Current',806),('posix/America/Tegucigalpa',807),('posix/America/Thule',808),('posix/America/Thunder_Bay',809),('posix/America/Tijuana',810),('posix/America/Toronto',811),('posix/America/Tortola',812),('posix/America/Vancouver',813),('posix/America/Virgin',814),('posix/America/Whitehorse',815),('posix/America/Winnipeg',816),('posix/America/Yakutat',817),('posix/America/Yellowknife',818),('posix/Antarctica/Casey',819),('posix/Antarctica/Davis',820),('posix/Antarctica/DumontDUrville',821),('posix/Antarctica/Macquarie',822),('posix/Antarctica/Mawson',823),('posix/Antarctica/McMurdo',824),('posix/Antarctica/Palmer',825),('posix/Antarctica/Rothera',826),('posix/Antarctica/South_Pole',827),('posix/Antarctica/Syowa',828),('posix/Antarctica/Troll',829),('posix/Antarctica/Vostok',830),('posix/Arctic/Longyearbyen',831),('posix/Asia/Aden',832),('posix/Asia/Almaty',833),('posix/Asia/Amman',834),('posix/Asia/Anadyr',835),('posix/Asia/Aqtau',836),('posix/Asia/Aqtobe',837),('posix/Asia/Ashgabat',838),('posix/Asia/Ashkhabad',839),('posix/Asia/Atyrau',840),('posix/Asia/Baghdad',841),('posix/Asia/Bahrain',842),('posix/Asia/Baku',843),('posix/Asia/Bangkok',844),('posix/Asia/Barnaul',845),('posix/Asia/Beirut',846),('posix/Asia/Bishkek',847),('posix/Asia/Brunei',848),('posix/Asia/Calcutta',849),('posix/Asia/Chita',850),('posix/Asia/Choibalsan',851),('posix/Asia/Chongqing',852),('posix/Asia/Chungking',853),('posix/Asia/Colombo',854),('posix/Asia/Dacca',855),('posix/Asia/Damascus',856),('posix/Asia/Dhaka',857),('posix/Asia/Dili',858),('posix/Asia/Dubai',859),('posix/Asia/Dushanbe',860),('posix/Asia/Famagusta',861),('posix/Asia/Gaza',862),('posix/Asia/Harbin',863),('posix/Asia/Hebron',864),('posix/Asia/Hong_Kong',866),('posix/Asia/Hovd',867),('posix/Asia/Ho_Chi_Minh',865),('posix/Asia/Irkutsk',868),('posix/Asia/Istanbul',869),('posix/Asia/Jakarta',870),('posix/Asia/Jayapura',871),('posix/Asia/Jerusalem',872),('posix/Asia/Kabul',873),('posix/Asia/Kamchatka',874),('posix/Asia/Karachi',875),('posix/Asia/Kashgar',876),('posix/Asia/Kathmandu',877),('posix/Asia/Katmandu',878),('posix/Asia/Khandyga',879),('posix/Asia/Kolkata',880),('posix/Asia/Krasnoyarsk',881),('posix/Asia/Kuala_Lumpur',882),('posix/Asia/Kuching',883),('posix/Asia/Kuwait',884),('posix/Asia/Macao',885),('posix/Asia/Macau',886),('posix/Asia/Magadan',887),('posix/Asia/Makassar',888),('posix/Asia/Manila',889),('posix/Asia/Muscat',890),('posix/Asia/Nicosia',891),('posix/Asia/Novokuznetsk',892),('posix/Asia/Novosibirsk',893),('posix/Asia/Omsk',894),('posix/Asia/Oral',895),('posix/Asia/Phnom_Penh',896),('posix/Asia/Pontianak',897),('posix/Asia/Pyongyang',898),('posix/Asia/Qatar',899),('posix/Asia/Qostanay',900),('posix/Asia/Qyzylorda',901),('posix/Asia/Rangoon',902),('posix/Asia/Riyadh',903),('posix/Asia/Saigon',904),('posix/Asia/Sakhalin',905),('posix/Asia/Samarkand',906),('posix/Asia/Seoul',907),('posix/Asia/Shanghai',908),('posix/Asia/Singapore',909),('posix/Asia/Srednekolymsk',910),('posix/Asia/Taipei',911),('posix/Asia/Tashkent',912),('posix/Asia/Tbilisi',913),('posix/Asia/Tehran',914),('posix/Asia/Tel_Aviv',915),('posix/Asia/Thimbu',916),('posix/Asia/Thimphu',917),('posix/Asia/Tokyo',918),('posix/Asia/Tomsk',919),('posix/Asia/Ujung_Pandang',920),('posix/Asia/Ulaanbaatar',921),('posix/Asia/Ulan_Bator',922),('posix/Asia/Urumqi',923),('posix/Asia/Ust-Nera',924),('posix/Asia/Vientiane',925),('posix/Asia/Vladivostok',926),('posix/Asia/Yakutsk',927),('posix/Asia/Yangon',928),('posix/Asia/Yekaterinburg',929),('posix/Asia/Yerevan',930),('posix/Atlantic/Azores',931),('posix/Atlantic/Bermuda',932),('posix/Atlantic/Canary',933),('posix/Atlantic/Cape_Verde',934),('posix/Atlantic/Faeroe',935),('posix/Atlantic/Faroe',936),('posix/Atlantic/Jan_Mayen',937),('posix/Atlantic/Madeira',938),('posix/Atlantic/Reykjavik',939),('posix/Atlantic/South_Georgia',940),('posix/Atlantic/Stanley',942),('posix/Atlantic/St_Helena',941),('posix/Australia/ACT',943),('posix/Australia/Adelaide',944),('posix/Australia/Brisbane',945),('posix/Australia/Broken_Hill',946),('posix/Australia/Canberra',947),('posix/Australia/Currie',948),('posix/Australia/Darwin',949),('posix/Australia/Eucla',950),('posix/Australia/Hobart',951),('posix/Australia/LHI',952),('posix/Australia/Lindeman',953),('posix/Australia/Lord_Howe',954),('posix/Australia/Melbourne',955),('posix/Australia/North',957),('posix/Australia/NSW',956),('posix/Australia/Perth',958),('posix/Australia/Queensland',959),('posix/Australia/South',960),('posix/Australia/Sydney',961),('posix/Australia/Tasmania',962),('posix/Australia/Victoria',963),('posix/Australia/West',964),('posix/Australia/Yancowinna',965),('posix/Brazil/Acre',966),('posix/Brazil/DeNoronha',967),('posix/Brazil/East',968),('posix/Brazil/West',969),('posix/Canada/Atlantic',972),('posix/Canada/Central',973),('posix/Canada/Eastern',974),('posix/Canada/Mountain',975),('posix/Canada/Newfoundland',976),('posix/Canada/Pacific',977),('posix/Canada/Saskatchewan',978),('posix/Canada/Yukon',979),('posix/CET',970),('posix/Chile/Continental',980),('posix/Chile/EasterIsland',981),('posix/CST6CDT',971),('posix/Cuba',982),('posix/EET',983),('posix/Egypt',986),('posix/Eire',987),('posix/EST',984),('posix/EST5EDT',985),('posix/Etc/GMT',988),('posix/Etc/GMT+0',989),('posix/Etc/GMT+1',990),('posix/Etc/GMT+10',991),('posix/Etc/GMT+11',992),('posix/Etc/GMT+12',993),('posix/Etc/GMT+2',994),('posix/Etc/GMT+3',995),('posix/Etc/GMT+4',996),('posix/Etc/GMT+5',997),('posix/Etc/GMT+6',998),('posix/Etc/GMT+7',999),('posix/Etc/GMT+8',1000),('posix/Etc/GMT+9',1001),('posix/Etc/GMT-0',1002),('posix/Etc/GMT-1',1003),('posix/Etc/GMT-10',1004),('posix/Etc/GMT-11',1005),('posix/Etc/GMT-12',1006),('posix/Etc/GMT-13',1007),('posix/Etc/GMT-14',1008),('posix/Etc/GMT-2',1009),('posix/Etc/GMT-3',1010),('posix/Etc/GMT-4',1011),('posix/Etc/GMT-5',1012),('posix/Etc/GMT-6',1013),('posix/Etc/GMT-7',1014),('posix/Etc/GMT-8',1015),('posix/Etc/GMT-9',1016),('posix/Etc/GMT0',1017),('posix/Etc/Greenwich',1018),('posix/Etc/UCT',1019),('posix/Etc/Universal',1021),('posix/Etc/UTC',1020),('posix/Etc/Zulu',1022),('posix/Europe/Amsterdam',1023),('posix/Europe/Andorra',1024),('posix/Europe/Astrakhan',1025),('posix/Europe/Athens',1026),('posix/Europe/Belfast',1027),('posix/Europe/Belgrade',1028),('posix/Europe/Berlin',1029),('posix/Europe/Bratislava',1030),('posix/Europe/Brussels',1031),('posix/Europe/Bucharest',1032),('posix/Europe/Budapest',1033),('posix/Europe/Busingen',1034),('posix/Europe/Chisinau',1035),('posix/Europe/Copenhagen',1036),('posix/Europe/Dublin',1037),('posix/Europe/Gibraltar',1038),('posix/Europe/Guernsey',1039),('posix/Europe/Helsinki',1040),('posix/Europe/Isle_of_Man',1041),('posix/Europe/Istanbul',1042),('posix/Europe/Jersey',1043),('posix/Europe/Kaliningrad',1044),('posix/Europe/Kiev',1045),('posix/Europe/Kirov',1046),('posix/Europe/Kyiv',1047),('posix/Europe/Lisbon',1048),('posix/Europe/Ljubljana',1049),('posix/Europe/London',1050),('posix/Europe/Luxembourg',1051),('posix/Europe/Madrid',1052),('posix/Europe/Malta',1053),('posix/Europe/Mariehamn',1054),('posix/Europe/Minsk',1055),('posix/Europe/Monaco',1056),('posix/Europe/Moscow',1057),('posix/Europe/Nicosia',1058),('posix/Europe/Oslo',1059),('posix/Europe/Paris',1060),('posix/Europe/Podgorica',1061),('posix/Europe/Prague',1062),('posix/Europe/Riga',1063),('posix/Europe/Rome',1064),('posix/Europe/Samara',1065),('posix/Europe/San_Marino',1066),('posix/Europe/Sarajevo',1067),('posix/Europe/Saratov',1068),('posix/Europe/Simferopol',1069),('posix/Europe/Skopje',1070),('posix/Europe/Sofia',1071),('posix/Europe/Stockholm',1072),('posix/Europe/Tallinn',1073),('posix/Europe/Tirane',1074),('posix/Europe/Tiraspol',1075),('posix/Europe/Ulyanovsk',1076),('posix/Europe/Uzhgorod',1077),('posix/Europe/Vaduz',1078),('posix/Europe/Vatican',1079),('posix/Europe/Vienna',1080),('posix/Europe/Vilnius',1081),('posix/Europe/Volgograd',1082),('posix/Europe/Warsaw',1083),('posix/Europe/Zagreb',1084),('posix/Europe/Zaporozhye',1085),('posix/Europe/Zurich',1086),('posix/GB',1087),('posix/GB-Eire',1088),('posix/GMT',1089),('posix/GMT+0',1090),('posix/GMT-0',1091),('posix/GMT0',1092),('posix/Greenwich',1093),('posix/Hongkong',1095),('posix/HST',1094),('posix/Iceland',1096),('posix/Indian/Antananarivo',1097),('posix/Indian/Chagos',1098),('posix/Indian/Christmas',1099),('posix/Indian/Cocos',1100),('posix/Indian/Comoro',1101),('posix/Indian/Kerguelen',1102),('posix/Indian/Mahe',1103),('posix/Indian/Maldives',1104),('posix/Indian/Mauritius',1105),('posix/Indian/Mayotte',1106),('posix/Indian/Reunion',1107),('posix/Iran',1108),('posix/Israel',1109),('posix/Jamaica',1110),('posix/Japan',1111),('posix/Kwajalein',1112),('posix/Libya',1113),('posix/MET',1114),('posix/Mexico/BajaNorte',1117),('posix/Mexico/BajaSur',1118),('posix/Mexico/General',1119),('posix/MST',1115),('posix/MST7MDT',1116),('posix/Navajo',1122),('posix/NZ',1120),('posix/NZ-CHAT',1121),('posix/Pacific/Apia',1125),('posix/Pacific/Auckland',1126),('posix/Pacific/Bougainville',1127),('posix/Pacific/Chatham',1128),('posix/Pacific/Chuuk',1129),('posix/Pacific/Easter',1130),('posix/Pacific/Efate',1131),('posix/Pacific/Enderbury',1132),('posix/Pacific/Fakaofo',1133),('posix/Pacific/Fiji',1134),('posix/Pacific/Funafuti',1135),('posix/Pacific/Galapagos',1136),('posix/Pacific/Gambier',1137),('posix/Pacific/Guadalcanal',1138),('posix/Pacific/Guam',1139),('posix/Pacific/Honolulu',1140),('posix/Pacific/Johnston',1141),('posix/Pacific/Kanton',1142),('posix/Pacific/Kiritimati',1143),('posix/Pacific/Kosrae',1144),('posix/Pacific/Kwajalein',1145),('posix/Pacific/Majuro',1146),('posix/Pacific/Marquesas',1147),('posix/Pacific/Midway',1148),('posix/Pacific/Nauru',1149),('posix/Pacific/Niue',1150),('posix/Pacific/Norfolk',1151),('posix/Pacific/Noumea',1152),('posix/Pacific/Pago_Pago',1153),('posix/Pacific/Palau',1154),('posix/Pacific/Pitcairn',1155),('posix/Pacific/Pohnpei',1156),('posix/Pacific/Ponape',1157),('posix/Pacific/Port_Moresby',1158),('posix/Pacific/Rarotonga',1159),('posix/Pacific/Saipan',1160),('posix/Pacific/Samoa',1161),('posix/Pacific/Tahiti',1162),('posix/Pacific/Tarawa',1163),('posix/Pacific/Tongatapu',1164),('posix/Pacific/Truk',1165),('posix/Pacific/Wake',1166),('posix/Pacific/Wallis',1167),('posix/Pacific/Yap',1168),('posix/Poland',1169),('posix/Portugal',1170),('posix/PRC',1123),('posix/PST8PDT',1124),('posix/ROC',1171),('posix/ROK',1172),('posix/Singapore',1173),('posix/Turkey',1174),('posix/UCT',1175),('posix/Universal',1189),('posix/US/Alaska',1176),('posix/US/Aleutian',1177),('posix/US/Arizona',1178),('posix/US/Central',1179),('posix/US/East-Indiana',1180),('posix/US/Eastern',1181),('posix/US/Hawaii',1182),('posix/US/Indiana-Starke',1183),('posix/US/Michigan',1184),('posix/US/Mountain',1185),('posix/US/Pacific',1186),('posix/US/Samoa',1187),('posix/UTC',1188),('posix/W-SU',1190),('posix/WET',1191),('posix/Zulu',1192),('posixrules',1193),('PRC',527),('PST8PDT',528),('right/Africa/Abidjan',1194),('right/Africa/Accra',1195),('right/Africa/Addis_Ababa',1196),('right/Africa/Algiers',1197),('right/Africa/Asmara',1198),('right/Africa/Asmera',1199),('right/Africa/Bamako',1200),('right/Africa/Bangui',1201),('right/Africa/Banjul',1202),('right/Africa/Bissau',1203),('right/Africa/Blantyre',1204),('right/Africa/Brazzaville',1205),('right/Africa/Bujumbura',1206),('right/Africa/Cairo',1207),('right/Africa/Casablanca',1208),('right/Africa/Ceuta',1209),('right/Africa/Conakry',1210),('right/Africa/Dakar',1211),('right/Africa/Dar_es_Salaam',1212),('right/Africa/Djibouti',1213),('right/Africa/Douala',1214),('right/Africa/El_Aaiun',1215),('right/Africa/Freetown',1216),('right/Africa/Gaborone',1217),('right/Africa/Harare',1218),('right/Africa/Johannesburg',1219),('right/Africa/Juba',1220),('right/Africa/Kampala',1221),('right/Africa/Khartoum',1222),('right/Africa/Kigali',1223),('right/Africa/Kinshasa',1224),('right/Africa/Lagos',1225),('right/Africa/Libreville',1226),('right/Africa/Lome',1227),('right/Africa/Luanda',1228),('right/Africa/Lubumbashi',1229),('right/Africa/Lusaka',1230),('right/Africa/Malabo',1231),('right/Africa/Maputo',1232),('right/Africa/Maseru',1233),('right/Africa/Mbabane',1234),('right/Africa/Mogadishu',1235),('right/Africa/Monrovia',1236),('right/Africa/Nairobi',1237),('right/Africa/Ndjamena',1238),('right/Africa/Niamey',1239),('right/Africa/Nouakchott',1240),('right/Africa/Ouagadougou',1241),('right/Africa/Porto-Novo',1242),('right/Africa/Sao_Tome',1243),('right/Africa/Timbuktu',1244),('right/Africa/Tripoli',1245),('right/Africa/Tunis',1246),('right/Africa/Windhoek',1247),('right/America/Adak',1248),('right/America/Anchorage',1249),('right/America/Anguilla',1250),('right/America/Antigua',1251),('right/America/Araguaina',1252),('right/America/Argentina/Buenos_Aires',1253),('right/America/Argentina/Catamarca',1254),('right/America/Argentina/ComodRivadavia',1255),('right/America/Argentina/Cordoba',1256),('right/America/Argentina/Jujuy',1257),('right/America/Argentina/La_Rioja',1258),('right/America/Argentina/Mendoza',1259),('right/America/Argentina/Rio_Gallegos',1260),('right/America/Argentina/Salta',1261),('right/America/Argentina/San_Juan',1262),('right/America/Argentina/San_Luis',1263),('right/America/Argentina/Tucuman',1264),('right/America/Argentina/Ushuaia',1265),('right/America/Aruba',1266),('right/America/Asuncion',1267),('right/America/Atikokan',1268),('right/America/Atka',1269),('right/America/Bahia',1270),('right/America/Bahia_Banderas',1271),('right/America/Barbados',1272),('right/America/Belem',1273),('right/America/Belize',1274),('right/America/Blanc-Sablon',1275),('right/America/Boa_Vista',1276),('right/America/Bogota',1277),('right/America/Boise',1278),('right/America/Buenos_Aires',1279),('right/America/Cambridge_Bay',1280),('right/America/Campo_Grande',1281),('right/America/Cancun',1282),('right/America/Caracas',1283),('right/America/Catamarca',1284),('right/America/Cayenne',1285),('right/America/Cayman',1286),('right/America/Chicago',1287),('right/America/Chihuahua',1288),('right/America/Ciudad_Juarez',1289),('right/America/Coral_Harbour',1290),('right/America/Cordoba',1291),('right/America/Costa_Rica',1292),('right/America/Creston',1293),('right/America/Cuiaba',1294),('right/America/Curacao',1295),('right/America/Danmarkshavn',1296),('right/America/Dawson',1297),('right/America/Dawson_Creek',1298),('right/America/Denver',1299),('right/America/Detroit',1300),('right/America/Dominica',1301),('right/America/Edmonton',1302),('right/America/Eirunepe',1303),('right/America/El_Salvador',1304),('right/America/Ensenada',1305),('right/America/Fortaleza',1308),('right/America/Fort_Nelson',1306),('right/America/Fort_Wayne',1307),('right/America/Glace_Bay',1309),('right/America/Godthab',1310),('right/America/Goose_Bay',1311),('right/America/Grand_Turk',1312),('right/America/Grenada',1313),('right/America/Guadeloupe',1314),('right/America/Guatemala',1315),('right/America/Guayaquil',1316),('right/America/Guyana',1317),('right/America/Halifax',1318),('right/America/Havana',1319),('right/America/Hermosillo',1320),('right/America/Indiana/Indianapolis',1321),('right/America/Indiana/Knox',1322),('right/America/Indiana/Marengo',1323),('right/America/Indiana/Petersburg',1324),('right/America/Indiana/Tell_City',1325),('right/America/Indiana/Vevay',1326),('right/America/Indiana/Vincennes',1327),('right/America/Indiana/Winamac',1328),('right/America/Indianapolis',1329),('right/America/Inuvik',1330),('right/America/Iqaluit',1331),('right/America/Jamaica',1332),('right/America/Jujuy',1333),('right/America/Juneau',1334),('right/America/Kentucky/Louisville',1335),('right/America/Kentucky/Monticello',1336),('right/America/Knox_IN',1337),('right/America/Kralendijk',1338),('right/America/La_Paz',1339),('right/America/Lima',1340),('right/America/Los_Angeles',1341),('right/America/Louisville',1342),('right/America/Lower_Princes',1343),('right/America/Maceio',1344),('right/America/Managua',1345),('right/America/Manaus',1346),('right/America/Marigot',1347),('right/America/Martinique',1348),('right/America/Matamoros',1349),('right/America/Mazatlan',1350),('right/America/Mendoza',1351),('right/America/Menominee',1352),('right/America/Merida',1353),('right/America/Metlakatla',1354),('right/America/Mexico_City',1355),('right/America/Miquelon',1356),('right/America/Moncton',1357),('right/America/Monterrey',1358),('right/America/Montevideo',1359),('right/America/Montreal',1360),('right/America/Montserrat',1361),('right/America/Nassau',1362),('right/America/New_York',1363),('right/America/Nipigon',1364),('right/America/Nome',1365),('right/America/Noronha',1366),('right/America/North_Dakota/Beulah',1367),('right/America/North_Dakota/Center',1368),('right/America/North_Dakota/New_Salem',1369),('right/America/Nuuk',1370),('right/America/Ojinaga',1371),('right/America/Panama',1372),('right/America/Pangnirtung',1373),('right/America/Paramaribo',1374),('right/America/Phoenix',1375),('right/America/Port-au-Prince',1376),('right/America/Porto_Acre',1378),('right/America/Porto_Velho',1379),('right/America/Port_of_Spain',1377),('right/America/Puerto_Rico',1380),('right/America/Punta_Arenas',1381),('right/America/Rainy_River',1382),('right/America/Rankin_Inlet',1383),('right/America/Recife',1384),('right/America/Regina',1385),('right/America/Resolute',1386),('right/America/Rio_Branco',1387),('right/America/Rosario',1388),('right/America/Santarem',1390),('right/America/Santa_Isabel',1389),('right/America/Santiago',1391),('right/America/Santo_Domingo',1392),('right/America/Sao_Paulo',1393),('right/America/Scoresbysund',1394),('right/America/Shiprock',1395),('right/America/Sitka',1396),('right/America/St_Barthelemy',1397),('right/America/St_Johns',1398),('right/America/St_Kitts',1399),('right/America/St_Lucia',1400),('right/America/St_Thomas',1401),('right/America/St_Vincent',1402),('right/America/Swift_Current',1403),('right/America/Tegucigalpa',1404),('right/America/Thule',1405),('right/America/Thunder_Bay',1406),('right/America/Tijuana',1407),('right/America/Toronto',1408),('right/America/Tortola',1409),('right/America/Vancouver',1410),('right/America/Virgin',1411),('right/America/Whitehorse',1412),('right/America/Winnipeg',1413),('right/America/Yakutat',1414),('right/America/Yellowknife',1415),('right/Antarctica/Casey',1416),('right/Antarctica/Davis',1417),('right/Antarctica/DumontDUrville',1418),('right/Antarctica/Macquarie',1419),('right/Antarctica/Mawson',1420),('right/Antarctica/McMurdo',1421),('right/Antarctica/Palmer',1422),('right/Antarctica/Rothera',1423),('right/Antarctica/South_Pole',1424),('right/Antarctica/Syowa',1425),('right/Antarctica/Troll',1426),('right/Antarctica/Vostok',1427),('right/Arctic/Longyearbyen',1428),('right/Asia/Aden',1429),('right/Asia/Almaty',1430),('right/Asia/Amman',1431),('right/Asia/Anadyr',1432),('right/Asia/Aqtau',1433),('right/Asia/Aqtobe',1434),('right/Asia/Ashgabat',1435),('right/Asia/Ashkhabad',1436),('right/Asia/Atyrau',1437),('right/Asia/Baghdad',1438),('right/Asia/Bahrain',1439),('right/Asia/Baku',1440),('right/Asia/Bangkok',1441),('right/Asia/Barnaul',1442),('right/Asia/Beirut',1443),('right/Asia/Bishkek',1444),('right/Asia/Brunei',1445),('right/Asia/Calcutta',1446),('right/Asia/Chita',1447),('right/Asia/Choibalsan',1448),('right/Asia/Chongqing',1449),('right/Asia/Chungking',1450),('right/Asia/Colombo',1451),('right/Asia/Dacca',1452),('right/Asia/Damascus',1453),('right/Asia/Dhaka',1454),('right/Asia/Dili',1455),('right/Asia/Dubai',1456),('right/Asia/Dushanbe',1457),('right/Asia/Famagusta',1458),('right/Asia/Gaza',1459),('right/Asia/Harbin',1460),('right/Asia/Hebron',1461),('right/Asia/Hong_Kong',1463),('right/Asia/Hovd',1464),('right/Asia/Ho_Chi_Minh',1462),('right/Asia/Irkutsk',1465),('right/Asia/Istanbul',1466),('right/Asia/Jakarta',1467),('right/Asia/Jayapura',1468),('right/Asia/Jerusalem',1469),('right/Asia/Kabul',1470),('right/Asia/Kamchatka',1471),('right/Asia/Karachi',1472),('right/Asia/Kashgar',1473),('right/Asia/Kathmandu',1474),('right/Asia/Katmandu',1475),('right/Asia/Khandyga',1476),('right/Asia/Kolkata',1477),('right/Asia/Krasnoyarsk',1478),('right/Asia/Kuala_Lumpur',1479),('right/Asia/Kuching',1480),('right/Asia/Kuwait',1481),('right/Asia/Macao',1482),('right/Asia/Macau',1483),('right/Asia/Magadan',1484),('right/Asia/Makassar',1485),('right/Asia/Manila',1486),('right/Asia/Muscat',1487),('right/Asia/Nicosia',1488),('right/Asia/Novokuznetsk',1489),('right/Asia/Novosibirsk',1490),('right/Asia/Omsk',1491),('right/Asia/Oral',1492),('right/Asia/Phnom_Penh',1493),('right/Asia/Pontianak',1494),('right/Asia/Pyongyang',1495),('right/Asia/Qatar',1496),('right/Asia/Qostanay',1497),('right/Asia/Qyzylorda',1498),('right/Asia/Rangoon',1499),('right/Asia/Riyadh',1500),('right/Asia/Saigon',1501),('right/Asia/Sakhalin',1502),('right/Asia/Samarkand',1503),('right/Asia/Seoul',1504),('right/Asia/Shanghai',1505),('right/Asia/Singapore',1506),('right/Asia/Srednekolymsk',1507),('right/Asia/Taipei',1508),('right/Asia/Tashkent',1509),('right/Asia/Tbilisi',1510),('right/Asia/Tehran',1511),('right/Asia/Tel_Aviv',1512),('right/Asia/Thimbu',1513),('right/Asia/Thimphu',1514),('right/Asia/Tokyo',1515),('right/Asia/Tomsk',1516),('right/Asia/Ujung_Pandang',1517),('right/Asia/Ulaanbaatar',1518),('right/Asia/Ulan_Bator',1519),('right/Asia/Urumqi',1520),('right/Asia/Ust-Nera',1521),('right/Asia/Vientiane',1522),('right/Asia/Vladivostok',1523),('right/Asia/Yakutsk',1524),('right/Asia/Yangon',1525),('right/Asia/Yekaterinburg',1526),('right/Asia/Yerevan',1527),('right/Atlantic/Azores',1528),('right/Atlantic/Bermuda',1529),('right/Atlantic/Canary',1530),('right/Atlantic/Cape_Verde',1531),('right/Atlantic/Faeroe',1532),('right/Atlantic/Faroe',1533),('right/Atlantic/Jan_Mayen',1534),('right/Atlantic/Madeira',1535),('right/Atlantic/Reykjavik',1536),('right/Atlantic/South_Georgia',1537),('right/Atlantic/Stanley',1539),('right/Atlantic/St_Helena',1538),('right/Australia/ACT',1540),('right/Australia/Adelaide',1541),('right/Australia/Brisbane',1542),('right/Australia/Broken_Hill',1543),('right/Australia/Canberra',1544),('right/Australia/Currie',1545),('right/Australia/Darwin',1546),('right/Australia/Eucla',1547),('right/Australia/Hobart',1548),('right/Australia/LHI',1549),('right/Australia/Lindeman',1550),('right/Australia/Lord_Howe',1551),('right/Australia/Melbourne',1552),('right/Australia/North',1554),('right/Australia/NSW',1553),('right/Australia/Perth',1555),('right/Australia/Queensland',1556),('right/Australia/South',1557),('right/Australia/Sydney',1558),('right/Australia/Tasmania',1559),('right/Australia/Victoria',1560),('right/Australia/West',1561),('right/Australia/Yancowinna',1562),('right/Brazil/Acre',1563),('right/Brazil/DeNoronha',1564),('right/Brazil/East',1565),('right/Brazil/West',1566),('right/Canada/Atlantic',1569),('right/Canada/Central',1570),('right/Canada/Eastern',1571),('right/Canada/Mountain',1572),('right/Canada/Newfoundland',1573),('right/Canada/Pacific',1574),('right/Canada/Saskatchewan',1575),('right/Canada/Yukon',1576),('right/CET',1567),('right/Chile/Continental',1577),('right/Chile/EasterIsland',1578),('right/CST6CDT',1568),('right/Cuba',1579),('right/EET',1580),('right/Egypt',1583),('right/Eire',1584),('right/EST',1581),('right/EST5EDT',1582),('right/Etc/GMT',1585),('right/Etc/GMT+0',1586),('right/Etc/GMT+1',1587),('right/Etc/GMT+10',1588),('right/Etc/GMT+11',1589),('right/Etc/GMT+12',1590),('right/Etc/GMT+2',1591),('right/Etc/GMT+3',1592),('right/Etc/GMT+4',1593),('right/Etc/GMT+5',1594),('right/Etc/GMT+6',1595),('right/Etc/GMT+7',1596),('right/Etc/GMT+8',1597),('right/Etc/GMT+9',1598),('right/Etc/GMT-0',1599),('right/Etc/GMT-1',1600),('right/Etc/GMT-10',1601),('right/Etc/GMT-11',1602),('right/Etc/GMT-12',1603),('right/Etc/GMT-13',1604),('right/Etc/GMT-14',1605),('right/Etc/GMT-2',1606),('right/Etc/GMT-3',1607),('right/Etc/GMT-4',1608),('right/Etc/GMT-5',1609),('right/Etc/GMT-6',1610),('right/Etc/GMT-7',1611),('right/Etc/GMT-8',1612),('right/Etc/GMT-9',1613),('right/Etc/GMT0',1614),('right/Etc/Greenwich',1615),('right/Etc/UCT',1616),('right/Etc/Universal',1618),('right/Etc/UTC',1617),('right/Etc/Zulu',1619),('right/Europe/Amsterdam',1620),('right/Europe/Andorra',1621),('right/Europe/Astrakhan',1622),('right/Europe/Athens',1623),('right/Europe/Belfast',1624),('right/Europe/Belgrade',1625),('right/Europe/Berlin',1626),('right/Europe/Bratislava',1627),('right/Europe/Brussels',1628),('right/Europe/Bucharest',1629),('right/Europe/Budapest',1630),('right/Europe/Busingen',1631),('right/Europe/Chisinau',1632),('right/Europe/Copenhagen',1633),('right/Europe/Dublin',1634),('right/Europe/Gibraltar',1635),('right/Europe/Guernsey',1636),('right/Europe/Helsinki',1637),('right/Europe/Isle_of_Man',1638),('right/Europe/Istanbul',1639),('right/Europe/Jersey',1640),('right/Europe/Kaliningrad',1641),('right/Europe/Kiev',1642),('right/Europe/Kirov',1643),('right/Europe/Kyiv',1644),('right/Europe/Lisbon',1645),('right/Europe/Ljubljana',1646),('right/Europe/London',1647),('right/Europe/Luxembourg',1648),('right/Europe/Madrid',1649),('right/Europe/Malta',1650),('right/Europe/Mariehamn',1651),('right/Europe/Minsk',1652),('right/Europe/Monaco',1653),('right/Europe/Moscow',1654),('right/Europe/Nicosia',1655),('right/Europe/Oslo',1656),('right/Europe/Paris',1657),('right/Europe/Podgorica',1658),('right/Europe/Prague',1659),('right/Europe/Riga',1660),('right/Europe/Rome',1661),('right/Europe/Samara',1662),('right/Europe/San_Marino',1663),('right/Europe/Sarajevo',1664),('right/Europe/Saratov',1665),('right/Europe/Simferopol',1666),('right/Europe/Skopje',1667),('right/Europe/Sofia',1668),('right/Europe/Stockholm',1669),('right/Europe/Tallinn',1670),('right/Europe/Tirane',1671),('right/Europe/Tiraspol',1672),('right/Europe/Ulyanovsk',1673),('right/Europe/Uzhgorod',1674),('right/Europe/Vaduz',1675),('right/Europe/Vatican',1676),('right/Europe/Vienna',1677),('right/Europe/Vilnius',1678),('right/Europe/Volgograd',1679),('right/Europe/Warsaw',1680),('right/Europe/Zagreb',1681),('right/Europe/Zaporozhye',1682),('right/Europe/Zurich',1683),('right/GB',1684),('right/GB-Eire',1685),('right/GMT',1686),('right/GMT+0',1687),('right/GMT-0',1688),('right/GMT0',1689),('right/Greenwich',1690),('right/Hongkong',1692),('right/HST',1691),('right/Iceland',1693),('right/Indian/Antananarivo',1694),('right/Indian/Chagos',1695),('right/Indian/Christmas',1696),('right/Indian/Cocos',1697),('right/Indian/Comoro',1698),('right/Indian/Kerguelen',1699),('right/Indian/Mahe',1700),('right/Indian/Maldives',1701),('right/Indian/Mauritius',1702),('right/Indian/Mayotte',1703),('right/Indian/Reunion',1704),('right/Iran',1705),('right/Israel',1706),('right/Jamaica',1707),('right/Japan',1708),('right/Kwajalein',1709),('right/Libya',1710),('right/MET',1711),('right/Mexico/BajaNorte',1714),('right/Mexico/BajaSur',1715),('right/Mexico/General',1716),('right/MST',1712),('right/MST7MDT',1713),('right/Navajo',1719),('right/NZ',1717),('right/NZ-CHAT',1718),('right/Pacific/Apia',1722),('right/Pacific/Auckland',1723),('right/Pacific/Bougainville',1724),('right/Pacific/Chatham',1725),('right/Pacific/Chuuk',1726),('right/Pacific/Easter',1727),('right/Pacific/Efate',1728),('right/Pacific/Enderbury',1729),('right/Pacific/Fakaofo',1730),('right/Pacific/Fiji',1731),('right/Pacific/Funafuti',1732),('right/Pacific/Galapagos',1733),('right/Pacific/Gambier',1734),('right/Pacific/Guadalcanal',1735),('right/Pacific/Guam',1736),('right/Pacific/Honolulu',1737),('right/Pacific/Johnston',1738),('right/Pacific/Kanton',1739),('right/Pacific/Kiritimati',1740),('right/Pacific/Kosrae',1741),('right/Pacific/Kwajalein',1742),('right/Pacific/Majuro',1743),('right/Pacific/Marquesas',1744),('right/Pacific/Midway',1745),('right/Pacific/Nauru',1746),('right/Pacific/Niue',1747),('right/Pacific/Norfolk',1748),('right/Pacific/Noumea',1749),('right/Pacific/Pago_Pago',1750),('right/Pacific/Palau',1751),('right/Pacific/Pitcairn',1752),('right/Pacific/Pohnpei',1753),('right/Pacific/Ponape',1754),('right/Pacific/Port_Moresby',1755),('right/Pacific/Rarotonga',1756),('right/Pacific/Saipan',1757),('right/Pacific/Samoa',1758),('right/Pacific/Tahiti',1759),('right/Pacific/Tarawa',1760),('right/Pacific/Tongatapu',1761),('right/Pacific/Truk',1762),('right/Pacific/Wake',1763),('right/Pacific/Wallis',1764),('right/Pacific/Yap',1765),('right/Poland',1766),('right/Portugal',1767),('right/PRC',1720),('right/PST8PDT',1721),('right/ROC',1768),('right/ROK',1769),('right/Singapore',1770),('right/Turkey',1771),('right/UCT',1772),('right/Universal',1786),('right/US/Alaska',1773),('right/US/Aleutian',1774),('right/US/Arizona',1775),('right/US/Central',1776),('right/US/East-Indiana',1777),('right/US/Eastern',1778),('right/US/Hawaii',1779),('right/US/Indiana-Starke',1780),('right/US/Michigan',1781),('right/US/Mountain',1782),('right/US/Pacific',1783),('right/US/Samoa',1784),('right/UTC',1785),('right/W-SU',1787),('right/WET',1788),('right/Zulu',1789),('ROC',575),('ROK',576),('Singapore',577),('Turkey',578),('UCT',579),('Universal',593),('US/Alaska',580),('US/Aleutian',581),('US/Arizona',582),('US/Central',583),('US/East-Indiana',584),('US/Eastern',585),('US/Hawaii',586),('US/Indiana-Starke',587),('US/Michigan',588),('US/Mountain',589),('US/Pacific',590),('US/Samoa',591),('UTC',592),('W-SU',594),('WET',595),('Zulu',596);
/*!40000 ALTER TABLE `time_zone_name` ENABLE KEYS */;
UNLOCK TABLES;
